,h,V,C,x,y,Y
0,2.5R,1,0,0.31,0.316,1.21
1,2.5R,1,2,0.374,0.292,0.98
2,2.5R,1,4,0.431,0.265,0.83
3,2.5R,1,6,0.471,0.242,0.74
4,2.5R,1,8,0.523,0.221,0.67
5,2.5R,1,10,0.56,0.203,0.62
6,5R,1,2,0.381,0.301,0.99
7,5R,1,4,0.45,0.284,0.84
8,5R,1,6,0.512,0.265,0.73
9,5R,1,8,0.567,0.246,0.66
10,5R,1,10,0.614,0.228,0.6
11,7.5R,1,2,0.387,0.311,1.0
12,7.5R,1,4,0.465,0.3,0.84
13,7.5R,1,6,0.526,0.284,0.73
14,7.5R,1,8,0.6,0.267,0.65
15,7.5R,1,10,0.657,0.251,0.59
16,10R,1,2,0.394,0.322,1.01
17,10R,1,4,0.482,0.321,0.85
18,10R,1,6,0.566,0.311,0.73
19,10R,1,8,0.643,0.296,0.64
20,10R,1,10,0.709,0.281,0.58
21,2.5YR,1,0,0.31,0.316,1.21
22,2.5YR,1,2,0.398,0.334,1.02
23,2.5YR,1,4,0.496,0.34,0.85
24,2.5YR,1,6,0.597,0.34,0.72
25,5YR,1,2,0.4,0.344,1.04
26,5YR,1,4,0.513,0.369,0.87
27,5YR,1,6,0.636,0.38,0.72
28,7.5YR,1,2,0.401,0.359,1.07
29,7.5YR,1,4,0.526,0.402,0.89
30,10YR,1,2,0.4,0.37,1.08
31,10YR,1,4,0.537,0.439,0.91
32,2.5Y,1,0,0.31,0.316,1.21
33,2.5Y,1,2,0.395,0.385,1.09
34,2.5Y,1,4,0.542,0.479,0.93
35,5Y,1,2,0.389,0.396,1.1
36,7.5Y,1,2,0.383,0.404,1.1
37,10Y,1,2,0.371,0.412,1.1
38,2.5GY,1,0,0.31,0.316,1.21
39,2.5GY,1,2,0.356,0.416,1.08
40,5GY,1,2,0.335,0.415,1.07
41,5GY,1,4,0.361,0.618,0.85
42,7.5GY,1,2,0.315,0.41,1.06
43,7.5GY,1,4,0.301,0.586,0.85
44,10GY,1,2,0.294,0.398,1.04
45,10GY,1,4,0.252,0.586,0.84
46,2.5G,1,0,0.31,0.316,1.21
47,2.5G,1,2,0.279,0.386,1.03
48,2.5G,1,4,0.22,0.491,0.84
49,2.5G,1,6,0.096,0.657,0.62
50,5G,1,2,0.27,0.376,1.03
51,5G,1,4,0.199,0.456,0.83
52,5G,1,6,0.078,0.566,0.64
53,7.5G,1,2,0.258,0.362,1.02
54,7.5G,1,4,0.179,0.416,0.83
55,7.5G,1,6,0.063,0.481,0.66
56,10G,1,2,0.249,0.347,1.02
57,10G,1,4,0.168,0.38,0.83
58,10G,1,6,0.063,0.405,0.68
59,2.5BG,1,0,0.31,0.316,1.21
60,2.5BG,1,2,0.241,0.325,1.0
61,2.5BG,1,4,0.163,0.327,0.84
62,2.5BG,1,6,0.078,0.323,0.72
63,5BG,1,2,0.24,0.307,0.99
64,5BG,1,4,0.17,0.291,0.85
65,5BG,1,6,0.105,0.271,0.74
66,5BG,1,8,0.05,0.25,0.66
67,7.5BG,1,2,0.24,0.296,0.99
68,7.5BG,1,4,0.18,0.269,0.85
69,7.5BG,1,6,0.129,0.242,0.76
70,7.5BG,1,8,0.088,0.218,0.7
71,10BG,1,2,0.244,0.286,0.99
72,10BG,1,4,0.191,0.254,0.86
73,10BG,1,6,0.148,0.224,0.77
74,10BG,1,8,0.115,0.2,0.72
75,10BG,1,10,0.086,0.178,0.67
76,2.5B,1,0,0.31,0.316,1.21
77,2.5B,1,2,0.247,0.281,0.99
78,2.5B,1,4,0.197,0.246,0.86
79,2.5B,1,6,0.161,0.214,0.78
80,2.5B,1,8,0.133,0.189,0.72
81,2.5B,1,10,0.111,0.167,0.68
82,2.5B,1,12,0.089,0.144,0.66
83,5B,1,2,0.251,0.276,0.99
84,5B,1,4,0.205,0.239,0.86
85,5B,1,6,0.172,0.208,0.79
86,5B,1,8,0.146,0.182,0.73
87,5B,1,10,0.126,0.161,0.69
88,5B,1,12,0.105,0.138,0.65
89,5B,1,14,0.088,0.118,0.63
90,7.5B,1,2,0.255,0.271,0.98
91,7.5B,1,4,0.213,0.233,0.86
92,7.5B,1,6,0.182,0.202,0.79
93,7.5B,1,8,0.158,0.176,0.73
94,7.5B,1,10,0.14,0.156,0.7
95,7.5B,1,12,0.121,0.133,0.66
96,7.5B,1,14,0.104,0.112,0.63
97,10B,1,2,0.259,0.267,0.98
98,10B,1,4,0.223,0.227,0.86
99,10B,1,6,0.195,0.195,0.79
100,10B,1,8,0.175,0.17,0.74
101,10B,1,10,0.157,0.15,0.7
102,10B,1,12,0.139,0.128,0.67
103,10B,1,14,0.123,0.107,0.63
104,10B,1,16,0.106,0.087,0.61
105,2.5PB,1,0,0.31,0.316,1.21
106,2.5PB,1,2,0.263,0.264,0.98
107,2.5PB,1,4,0.239,0.223,0.86
108,2.5PB,1,6,0.205,0.191,0.79
109,2.5PB,1,8,0.186,0.166,0.74
110,2.5PB,1,10,0.171,0.146,0.7
111,2.5PB,1,12,0.156,0.124,0.67
112,2.5PB,1,14,0.142,0.103,0.64
113,2.5PB,1,16,0.129,0.081,0.61
114,2.5PB,1,18,0.118,0.06,0.59
115,5PB,1,2,0.269,0.26,0.98
116,5PB,1,4,0.239,0.219,0.86
117,5PB,1,6,0.219,0.185,0.79
118,5PB,1,8,0.203,0.161,0.74
119,5PB,1,10,0.191,0.141,0.71
120,5PB,1,12,0.179,0.12,0.68
121,5PB,1,14,0.167,0.099,0.65
122,5PB,1,16,0.155,0.077,0.62
123,5PB,1,18,0.145,0.056,0.59
124,5PB,1,20,0.136,0.036,0.57
125,7.5PB,1,2,0.275,0.258,0.98
126,7.5PB,1,4,0.251,0.214,0.86
127,7.5PB,1,6,0.233,0.181,0.79
128,7.5PB,1,8,0.222,0.157,0.74
129,7.5PB,1,10,0.213,0.136,0.71
130,7.5PB,1,12,0.205,0.121,0.68
131,7.5PB,1,14,0.198,0.095,0.65
132,7.5PB,1,16,0.19,0.074,0.62
133,7.5PB,1,18,0.185,0.053,0.6
134,7.5PB,1,20,0.18,0.033,0.58
135,10PB,1,2,0.282,0.256,0.98
136,10PB,1,4,0.264,0.211,0.86
137,10PB,1,6,0.252,0.182,0.79
138,10PB,1,8,0.244,0.153,0.74
139,10PB,1,10,0.237,0.133,0.71
140,10PB,1,12,0.231,0.113,0.68
141,10PB,1,14,0.225,0.094,0.65
142,10PB,1,16,0.219,0.073,0.63
143,10PB,1,18,0.214,0.053,0.6
144,10PB,1,20,0.209,0.033,0.58
145,2.5P,1,0,0.31,0.316,1.21
146,2.5P,1,2,0.288,0.255,0.98
147,2.5P,1,4,0.275,0.21,0.85
148,2.5P,1,6,0.265,0.176,0.79
149,2.5P,1,8,0.259,0.152,0.74
150,2.5P,1,10,0.253,0.132,0.71
151,2.5P,1,12,0.249,0.112,0.68
152,2.5P,1,14,0.245,0.093,0.65
153,2.5P,1,16,0.241,0.072,0.62
154,2.5P,1,18,0.237,0.053,0.6
155,2.5P,1,20,0.234,0.034,0.58
156,5P,1,2,0.297,0.254,0.98
157,5P,1,4,0.288,0.209,0.85
158,5P,1,6,0.281,0.176,0.78
159,5P,1,8,0.277,0.152,0.74
160,5P,1,10,0.273,0.132,0.7
161,5P,1,12,0.269,0.112,0.67
162,5P,1,14,0.265,0.092,0.64
163,5P,1,16,0.262,0.071,0.62
164,5P,1,18,0.259,0.053,0.6
165,7.5P,1,2,0.304,0.255,0.97
166,7.5P,1,4,0.299,0.209,0.85
167,7.5P,1,6,0.295,0.177,0.78
168,7.5P,1,8,0.292,0.152,0.73
169,7.5P,1,10,0.289,0.132,0.7
170,7.5P,1,12,0.287,0.112,0.66
171,7.5P,1,14,0.284,0.092,0.64
172,7.5P,1,16,0.281,0.071,0.61
173,7.5P,1,18,0.279,0.053,0.59
174,10P,1,2,0.311,0.256,0.97
175,10P,1,4,0.311,0.211,0.85
176,10P,1,6,0.31,0.178,0.78
177,10P,1,8,0.309,0.153,0.72
178,10P,1,10,0.307,0.134,0.69
179,10P,1,12,0.306,0.113,0.66
180,10P,1,14,0.304,0.093,0.63
181,10P,1,16,0.303,0.073,0.6
182,2.5RP,1,0,0.31,0.316,1.21
183,2.5RP,1,2,0.322,0.259,0.97
184,2.5RP,1,4,0.328,0.214,0.84
185,2.5RP,1,6,0.332,0.182,0.77
186,2.5RP,1,8,0.334,0.156,0.72
187,2.5RP,1,10,0.335,0.137,0.68
188,2.5RP,1,12,0.336,0.117,0.65
189,2.5RP,1,14,0.377,0.096,0.62
190,5RP,1,2,0.335,0.263,0.97
191,5RP,1,4,0.352,0.223,0.84
192,5RP,1,6,0.364,0.19,0.76
193,5RP,1,8,0.373,0.166,0.71
194,5RP,1,10,0.379,0.145,0.67
195,5RP,1,12,0.386,0.126,0.63
196,5RP,1,14,0.392,0.103,0.6
197,7.5RP,1,2,0.351,0.272,0.97
198,7.5RP,1,4,0.382,0.235,0.83
199,7.5RP,1,6,0.405,0.205,0.75
200,7.5RP,1,8,0.423,0.18,0.69
201,7.5RP,1,10,0.437,0.16,0.65
202,7.5RP,1,12,0.45,0.142,0.62
203,10RP,1,2,0.364,0.282,0.98
204,10RP,1,4,0.409,0.251,0.83
205,10RP,1,6,0.448,0.223,0.74
206,10RP,1,8,0.479,0.201,0.68
207,10RP,1,10,0.505,0.181,0.64
208,2.5R,2,0,0.31,0.316,3.12
209,2.5R,2,2,0.36,0.3,2.67
210,2.5R,2,4,0.407,0.282,2.33
211,2.5R,2,6,0.45,0.265,2.1
212,2.5R,2,8,0.488,0.248,1.91
213,2.5R,2,10,0.525,0.232,1.77
214,2.5R,2,12,0.556,0.218,1.65
215,2.5R,2,14,0.585,0.205,1.56
216,5R,2,2,0.366,0.309,2.69
217,5R,2,4,0.42,0.297,2.35
218,5R,2,6,0.471,0.284,2.1
219,5R,2,8,0.519,0.27,1.89
220,5R,2,10,0.562,0.256,1.75
221,5R,2,12,0.603,0.244,1.62
222,5R,2,14,0.64,0.231,1.52
223,7.5R,2,2,0.369,0.316,2.74
224,7.5R,2,4,0.43,0.311,2.37
225,7.5R,2,6,0.488,0.302,2.11
226,7.5R,2,8,0.543,0.292,1.89
227,7.5R,2,10,0.594,0.286,1.73
228,7.5R,2,12,0.642,0.27,1.6
229,7.5R,2,14,0.691,0.258,1.49
230,10R,2,2,0.372,0.326,2.77
231,10R,2,4,0.441,0.329,2.4
232,10R,2,6,0.51,0.327,2.11
233,10R,2,8,0.57,0.322,1.91
234,10R,2,10,0.628,0.315,1.73
235,10R,2,12,0.685,0.309,1.59
236,2.5YR,2,0,0.31,0.316,3.12
237,2.5YR,2,2,0.373,0.333,2.79
238,2.5YR,2,4,0.448,0.345,2.44
239,2.5YR,2,6,0.527,0.351,2.14
240,2.5YR,2,8,0.593,0.353,1.92
241,2.5YR,2,10,0.658,0.353,1.76
242,5YR,2,2,0.374,0.34,2.84
243,5YR,2,4,0.455,0.364,2.48
244,5YR,2,6,0.547,0.389,2.17
245,5YR,2,8,0.621,0.397,1.97
246,7.5YR,2,2,0.373,0.349,2.87
247,7.5YR,2,4,0.459,0.387,2.56
248,7.5YR,2,6,0.57,0.427,2.22
249,10YR,2,2,0.371,0.358,2.89
250,10YR,2,4,0.46,0.411,2.6
251,2.5Y,2,0,0.31,0.316,3.12
252,2.5Y,2,2,0.368,0.364,2.92
253,2.5Y,2,4,0.457,0.43,2.65
254,5Y,2,2,0.363,0.371,2.92
255,5Y,2,4,0.45,0.451,2.65
256,7.5Y,2,2,0.359,0.375,2.92
257,7.5Y,2,4,0.439,0.47,2.65
258,10Y,2,2,0.351,0.38,2.92
259,10Y,2,4,0.421,0.482,2.65
260,2.5GY,2,0,0.31,0.316,3.12
261,2.5GY,2,2,0.341,0.382,2.92
262,2.5GY,2,4,0.392,0.491,2.6
263,5GY,2,2,0.327,0.383,2.89
264,5GY,2,4,0.394,0.494,2.54
265,7.5GY,2,2,0.315,0.379,2.87
266,7.5GY,2,4,0.32,0.483,2.5
267,7.5GY,2,6,0.305,0.654,2.03
268,10GY,2,2,0.302,0.373,2.82
269,10GY,2,4,0.287,0.463,2.46
270,10GY,2,6,0.252,0.61,2.0
271,10GY,2,8,0.222,0.685,1.82
272,10GY,2,10,0.191,0.75,1.66
273,2.5G,2,0,0.31,0.316,3.12
274,2.5G,2,2,0.292,0.366,2.82
275,2.5G,2,4,0.26,0.435,2.44
276,2.5G,2,6,0.203,0.535,2.02
277,2.5G,2,8,0.164,0.59,1.83
278,2.5G,2,10,0.125,0.645,1.67
279,2.5G,2,12,0.085,0.698,1.54
280,2.5G,2,14,0.044,0.751,1.43
281,5G,2,2,0.284,0.359,2.79
282,5G,2,4,0.243,0.414,2.42
283,5G,2,6,0.176,0.484,2.03
284,5G,2,8,0.129,0.526,1.83
285,5G,2,10,0.081,0.566,1.67
286,5G,2,12,0.033,0.606,1.53
287,5G,2,14,-0.022,0.647,1.4
288,7.5G,2,2,0.276,0.35,2.77
289,7.5G,2,4,0.226,0.39,2.4
290,7.5G,2,6,0.158,0.437,2.04
291,7.5G,2,8,0.105,0.468,1.84
292,7.5G,2,10,0.053,0.498,1.66
293,7.5G,2,12,0.0,0.529,1.53
294,10G,2,2,0.268,0.339,2.74
295,10G,2,4,0.214,0.365,2.39
296,10G,2,6,0.145,0.394,2.04
297,10G,2,8,0.09,0.413,1.84
298,10G,2,10,0.033,0.427,1.67
299,2.5BG,2,0,0.31,0.316,3.12
300,2.5BG,2,2,0.262,0.325,2.74
301,2.5BG,2,4,0.205,0.332,2.37
302,2.5BG,2,6,0.144,0.335,2.07
303,2.5BG,2,8,0.083,0.335,1.84
304,2.5BG,2,10,0.03,0.334,1.67
305,5BG,2,2,0.259,0.313,2.72
306,5BG,2,4,0.204,0.306,2.35
307,5BG,2,6,0.15,0.296,2.1
308,5BG,2,8,0.097,0.284,1.89
309,5BG,2,10,0.049,0.272,1.73
310,7.5BG,2,2,0.258,0.304,2.69
311,7.5BG,2,4,0.208,0.287,2.37
312,7.5BG,2,6,0.163,0.267,2.13
313,7.5BG,2,8,0.122,0.249,1.95
314,7.5BG,2,10,0.087,0.231,1.82
315,7.5BG,2,12,0.059,0.217,1.73
316,10BG,2,2,0.26,0.295,2.67
317,10BG,2,4,0.216,0.272,2.37
318,10BG,2,6,0.177,0.248,2.16
319,10BG,2,8,0.144,0.227,1.99
320,10BG,2,10,0.115,0.208,1.87
321,10BG,2,12,0.091,0.191,1.78
322,10BG,2,14,0.072,0.177,1.69
323,2.5B,2,0,0.31,0.316,3.12
324,2.5B,2,2,0.262,0.29,2.67
325,2.5B,2,4,0.221,0.264,2.37
326,2.5B,2,6,0.187,0.238,2.17
327,2.5B,2,8,0.159,0.215,2.0
328,2.5B,2,10,0.136,0.185,1.88
329,2.5B,2,12,0.114,0.176,1.79
330,2.5B,2,14,0.092,0.15,1.71
331,5B,2,2,0.264,0.286,2.67
332,5B,2,4,0.227,0.257,2.37
333,5B,2,6,0.196,0.231,2.19
334,5B,2,8,0.171,0.207,2.02
335,5B,2,10,0.15,0.188,1.91
336,5B,2,12,0.13,0.168,1.81
337,5B,2,14,0.109,0.146,1.72
338,5B,2,16,0.091,0.127,1.64
339,7.5B,2,2,0.267,0.282,2.67
340,7.5B,2,4,0.233,0.251,2.37
341,7.5B,2,6,0.205,0.224,2.19
342,7.5B,2,8,0.183,0.201,2.03
343,7.5B,2,10,0.163,0.171,1.92
344,7.5B,2,12,0.145,0.161,1.82
345,7.5B,2,14,0.126,0.139,1.74
346,7.5B,2,16,0.109,0.119,1.64
347,10B,2,2,0.271,0.279,2.65
348,10B,2,4,0.239,0.246,2.37
349,10B,2,6,0.214,0.219,2.19
350,10B,2,8,0.193,0.195,2.04
351,10B,2,10,0.176,0.166,1.92
352,10B,2,12,0.159,0.156,1.83
353,10B,2,14,0.14,0.135,1.75
354,10B,2,16,0.123,0.115,1.66
355,10B,2,18,0.107,0.095,1.59
356,2.5PB,2,0,0.31,0.316,3.12
357,2.5PB,2,2,0.274,0.276,2.65
358,2.5PB,2,4,0.246,0.242,2.37
359,2.5PB,2,6,0.222,0.219,2.19
360,2.5PB,2,8,0.203,0.192,2.04
361,2.5PB,2,10,0.187,0.162,1.93
362,2.5PB,2,12,0.171,0.152,1.84
363,2.5PB,2,14,0.154,0.13,1.76
364,2.5PB,2,16,0.14,0.11,1.67
365,2.5PB,2,18,0.127,0.091,1.6
366,2.5PB,2,20,0.115,0.072,1.54
367,5PB,2,2,0.279,0.273,2.65
368,5PB,2,4,0.254,0.238,2.37
369,5PB,2,6,0.234,0.21,2.17
370,5PB,2,8,0.217,0.186,2.04
371,5PB,2,10,0.204,0.166,1.93
372,5PB,2,12,0.19,0.146,1.85
373,5PB,2,14,0.177,0.125,1.77
374,5PB,2,16,0.165,0.104,1.68
375,5PB,2,18,0.155,0.086,1.62
376,5PB,2,20,0.144,0.066,1.55
377,5PB,2,22,0.135,0.047,1.5
378,7.5PB,2,2,0.284,0.271,2.65
379,7.5PB,2,4,0.263,0.235,2.35
380,7.5PB,2,6,0.246,0.205,2.17
381,7.5PB,2,8,0.233,0.181,2.04
382,7.5PB,2,10,0.223,0.162,1.94
383,7.5PB,2,12,0.212,0.141,1.86
384,7.5PB,2,14,0.202,0.121,1.78
385,7.5PB,2,16,0.193,0.1,1.69
386,7.5PB,2,18,0.184,0.081,1.62
387,7.5PB,2,20,0.176,0.061,1.56
388,7.5PB,2,22,0.169,0.041,1.51
389,7.5PB,2,24,0.162,0.022,1.46
390,10PB,2,2,0.288,0.269,2.63
391,10PB,2,4,0.272,0.233,2.35
392,10PB,2,6,0.259,0.203,2.16
393,10PB,2,8,0.248,0.178,2.03
394,10PB,2,10,0.241,0.159,1.94
395,10PB,2,12,0.233,0.139,1.86
396,10PB,2,14,0.225,0.118,1.78
397,10PB,2,16,0.218,0.099,1.69
398,10PB,2,18,0.211,0.078,1.63
399,10PB,2,20,0.205,0.058,1.56
400,10PB,2,22,0.2,0.038,1.51
401,2.5P,2,0,0.31,0.316,3.12
402,2.5P,2,2,0.293,0.269,2.63
403,2.5P,2,4,0.28,0.231,2.35
404,2.5P,2,6,0.27,0.201,2.16
405,2.5P,2,8,0.263,0.176,2.03
406,2.5P,2,10,0.257,0.157,1.93
407,2.5P,2,12,0.252,0.137,1.85
408,2.5P,2,14,0.247,0.116,1.77
409,2.5P,2,16,0.242,0.096,1.69
410,2.5P,2,18,0.237,0.076,1.62
411,2.5P,2,20,0.234,0.056,1.56
412,5P,2,2,0.299,0.269,2.63
413,5P,2,4,0.291,0.23,2.33
414,5P,2,6,0.284,0.2,2.14
415,5P,2,8,0.279,0.176,2.02
416,5P,2,10,0.275,0.156,1.92
417,5P,2,12,0.271,0.142,1.84
418,5P,2,14,0.267,0.117,1.76
419,5P,2,16,0.263,0.096,1.68
420,5P,2,18,0.26,0.075,1.6
421,5P,2,20,0.256,0.054,1.54
422,7.5P,2,2,0.306,0.269,2.63
423,7.5P,2,4,0.302,0.231,2.33
424,7.5P,2,6,0.299,0.201,2.14
425,7.5P,2,8,0.296,0.177,2.0
426,7.5P,2,10,0.293,0.157,1.91
427,7.5P,2,12,0.29,0.137,1.82
428,7.5P,2,14,0.288,0.116,1.74
429,7.5P,2,16,0.285,0.097,1.66
430,7.5P,2,18,0.282,0.076,1.59
431,7.5P,2,20,0.278,0.055,1.53
432,10P,2,2,0.312,0.27,2.63
433,10P,2,4,0.312,0.232,2.32
434,10P,2,6,0.313,0.203,2.13
435,10P,2,8,0.313,0.179,1.99
436,10P,2,10,0.313,0.159,1.89
437,10P,2,12,0.312,0.138,1.8
438,10P,2,14,0.311,0.117,1.71
439,10P,2,16,0.31,0.098,1.64
440,10P,2,18,0.309,0.077,1.56
441,2.5RP,2,0,0.31,0.316,3.12
442,2.5RP,2,2,0.32,0.272,2.63
443,2.5RP,2,4,0.327,0.236,2.31
444,2.5RP,2,6,0.332,0.207,2.11
445,2.5RP,2,8,0.336,0.183,1.98
446,2.5RP,2,10,0.338,0.163,1.87
447,2.5RP,2,12,0.341,0.142,1.77
448,2.5RP,2,14,0.343,0.12,1.67
449,2.5RP,2,16,0.345,0.102,1.6
450,2.5RP,2,18,0.346,0.082,1.53
451,5RP,2,2,0.331,0.277,2.63
452,5RP,2,4,0.347,0.243,2.31
453,5RP,2,6,0.359,0.215,2.11
454,5RP,2,8,0.369,0.191,1.95
455,5RP,2,10,0.376,0.172,1.84
456,5RP,2,12,0.384,0.151,1.74
457,5RP,2,14,0.392,0.129,1.64
458,5RP,2,16,0.397,0.112,1.57
459,7.5RP,2,2,0.343,0.284,2.65
460,7.5RP,2,4,0.37,0.254,2.31
461,7.5RP,2,6,0.392,0.229,2.1
462,7.5RP,2,8,0.413,0.207,1.94
463,7.5RP,2,10,0.426,0.187,1.82
464,7.5RP,2,12,0.441,0.168,1.71
465,7.5RP,2,14,0.455,0.149,1.62
466,10RP,2,2,0.352,0.291,2.65
467,10RP,2,4,0.39,0.268,2.31
468,10RP,2,6,0.424,0.247,2.1
469,10RP,2,8,0.455,0.228,1.92
470,10RP,2,10,0.482,0.21,1.78
471,10RP,2,12,0.505,0.195,1.68
472,10RP,2,14,0.527,0.179,1.6
473,2.5R,3,0,0.31,0.316,6.55
474,2.5R,3,2,0.35,0.304,5.8
475,2.5R,3,4,0.389,0.292,5.16
476,2.5R,3,6,0.427,0.278,4.68
477,2.5R,3,8,0.462,0.265,4.31
478,2.5R,3,10,0.496,0.252,3.97
479,2.5R,3,12,0.53,0.239,3.7
480,2.5R,3,14,0.562,0.226,3.49
481,2.5R,3,16,0.595,0.211,3.12
482,5R,3,2,0.354,0.312,5.85
483,5R,3,4,0.399,0.305,5.24
484,5R,3,6,0.443,0.296,4.71
485,5R,3,8,0.484,0.285,4.31
486,5R,3,10,0.525,0.274,3.97
487,5R,3,12,0.567,0.264,3.7
488,5R,3,14,0.601,0.253,3.45
489,5R,3,16,0.636,0.242,3.26
490,7.5R,3,2,0.356,0.318,5.91
491,7.5R,3,4,0.405,0.316,5.28
492,7.5R,3,6,0.456,0.312,4.75
493,7.5R,3,8,0.502,0.305,4.34
494,7.5R,3,10,0.546,0.298,4.0
495,7.5R,3,12,0.588,0.289,3.7
496,7.5R,3,14,0.63,0.28,3.45
497,7.5R,3,16,0.668,0.272,3.26
498,7.5R,3,18,0.709,0.265,3.07
499,10R,3,2,0.358,0.324,5.96
500,10R,3,4,0.412,0.33,5.38
501,10R,3,6,0.47,0.332,4.79
502,10R,3,8,0.52,0.33,4.37
503,10R,3,10,0.569,0.329,4.04
504,10R,3,12,0.616,0.326,3.77
505,10R,3,14,0.665,0.323,3.49
506,2.5YR,3,0,0.31,0.316,6.55
507,2.5YR,3,2,0.359,0.33,6.07
508,2.5YR,3,4,0.417,0.343,5.41
509,2.5YR,3,6,0.481,0.352,4.89
510,2.5YR,3,8,0.535,0.358,4.46
511,2.5YR,3,10,0.589,0.362,4.1
512,2.5YR,3,12,0.642,0.367,3.83
513,5YR,3,2,0.359,0.336,6.07
514,5YR,3,4,0.421,0.358,5.55
515,5YR,3,6,0.492,0.378,4.97
516,5YR,3,8,0.549,0.392,4.58
517,5YR,3,10,0.61,0.407,4.25
518,7.5YR,3,2,0.357,0.343,6.18
519,7.5YR,3,4,0.421,0.375,5.65
520,7.5YR,3,6,0.5,0.408,5.12
521,7.5YR,3,8,0.56,0.432,4.75
522,10YR,3,2,0.356,0.348,6.18
523,10YR,3,4,0.419,0.389,5.75
524,10YR,3,6,0.503,0.441,5.2
525,2.5Y,3,0,0.31,0.316,6.55
526,2.5Y,3,2,0.353,0.352,6.18
527,2.5Y,3,4,0.415,0.403,5.8
528,2.5Y,3,6,0.502,0.468,5.28
529,5Y,3,2,0.35,0.357,6.24
530,5Y,3,4,0.409,0.42,5.8
531,5Y,3,6,0.497,0.495,5.28
532,7.5Y,3,2,0.347,0.361,6.24
533,7.5Y,3,4,0.4,0.425,5.8
534,7.5Y,3,6,0.484,0.523,5.28
535,10Y,3,2,0.341,0.364,6.18
536,10Y,3,4,0.387,0.435,5.8
537,10Y,3,6,0.461,0.543,5.24
538,2.5GY,3,0,0.31,0.316,6.55
539,2.5GY,3,2,0.334,0.367,6.18
540,2.5GY,3,4,0.369,0.441,5.75
541,2.5GY,3,6,0.42,0.563,5.12
542,5GY,3,2,0.324,0.367,6.18
543,5GY,3,4,0.343,0.441,5.65
544,5GY,3,6,0.371,0.561,4.97
545,5GY,3,8,0.38,0.631,4.61
546,7.5GY,3,2,0.314,0.365,6.13
547,7.5GY,3,4,0.319,0.434,5.55
548,7.5GY,3,6,0.323,0.543,4.89
549,7.5GY,3,8,0.319,0.609,4.52
550,7.5GY,3,10,0.31,0.67,4.23
551,10GY,3,2,0.305,0.361,6.07
552,10GY,3,4,0.297,0.422,5.51
553,10GY,3,6,0.282,0.516,4.82
554,10GY,3,8,0.27,0.573,4.46
555,10GY,3,10,0.254,0.629,4.15
556,10GY,3,12,0.235,0.68,3.88
557,10GY,3,14,0.212,0.627,3.64
558,10GY,3,16,0.188,0.773,3.42
559,2.5G,3,0,0.31,0.316,6.55
560,2.5G,3,2,0.297,0.356,6.01
561,2.5G,3,4,0.277,0.406,5.46
562,2.5G,3,6,0.244,0.473,4.82
563,2.5G,3,8,0.22,0.518,4.43
564,2.5G,3,10,0.194,0.559,4.12
565,2.5G,3,12,0.167,0.599,3.81
566,2.5G,3,14,0.139,0.639,3.58
567,2.5G,3,16,0.11,0.679,3.38
568,2.5G,3,18,0.081,0.717,3.2
569,2.5G,3,20,0.051,0.756,3.02
570,5G,3,2,0.291,0.35,6.01
571,5G,3,4,0.263,0.391,5.41
572,5G,3,6,0.221,0.441,4.79
573,5G,3,8,0.188,0.476,4.37
574,5G,3,10,0.156,0.506,4.07
575,5G,3,12,0.12,0.537,3.77
576,5G,3,14,0.085,0.565,3.53
577,5G,3,16,0.049,0.596,3.3
578,5G,3,18,0.012,0.625,3.09
579,7.5G,3,2,0.285,0.343,5.96
580,7.5G,3,4,0.25,0.375,5.38
581,7.5G,3,6,0.203,0.412,4.79
582,7.5G,3,8,0.165,0.437,4.34
583,7.5G,3,10,0.129,0.461,4.02
584,7.5G,3,12,0.089,0.475,3.72
585,7.5G,3,14,0.05,0.498,3.45
586,7.5G,3,16,0.01,0.531,3.24
587,10G,3,2,0.278,0.335,5.96
588,10G,3,4,0.238,0.356,5.33
589,10G,3,6,0.19,0.379,4.71
590,10G,3,8,0.149,0.396,4.31
591,10G,3,10,0.109,0.412,3.97
592,10G,3,12,0.069,0.427,3.7
593,10G,3,14,0.022,0.443,3.42
594,2.5BG,3,0,0.31,0.316,6.55
595,2.5BG,3,2,0.273,0.325,5.91
596,2.5BG,3,4,0.234,0.332,5.24
597,2.5BG,3,6,0.181,0.338,4.71
598,2.5BG,3,8,0.137,0.341,4.29
599,2.5BG,3,10,0.093,0.344,3.93
600,2.5BG,3,12,0.051,0.345,3.64
601,5BG,3,2,0.27,0.315,5.85
602,5BG,3,4,0.226,0.312,5.24
603,5BG,3,6,0.181,0.307,4.71
604,5BG,3,8,0.139,0.301,4.31
605,5BG,3,10,0.098,0.293,3.97
606,5BG,3,12,0.057,0.284,3.68
607,7.5BG,3,2,0.27,0.307,5.8
608,7.5BG,3,4,0.228,0.296,5.2
609,7.5BG,3,6,0.188,0.282,4.75
610,7.5BG,3,8,0.151,0.267,4.34
611,7.5BG,3,10,0.118,0.254,4.07
612,7.5BG,3,12,0.086,0.239,3.81
613,7.5BG,3,14,0.059,0.277,3.64
614,10BG,3,2,0.27,0.301,5.8
615,10BG,3,4,0.233,0.283,5.2
616,10BG,3,6,0.198,0.264,4.79
617,10BG,3,8,0.167,0.246,4.43
618,10BG,3,10,0.141,0.229,4.15
619,10BG,3,12,0.115,0.212,3.93
620,10BG,3,14,0.092,0.196,3.74
621,10BG,3,16,0.068,0.178,3.56
622,2.5B,3,0,0.31,0.316,6.55
623,2.5B,3,2,0.272,0.297,5.8
624,2.5B,3,4,0.237,0.276,5.2
625,2.5B,3,6,0.206,0.254,4.79
626,2.5B,3,8,0.179,0.234,4.46
627,2.5B,3,10,0.157,0.216,4.2
628,2.5B,3,12,0.136,0.198,3.97
629,2.5B,3,14,0.115,0.179,3.79
630,2.5B,3,16,0.095,0.16,3.6
631,5B,3,2,0.273,0.293,5.8
632,5B,3,4,0.241,0.269,5.2
633,5B,3,6,0.213,0.247,4.79
634,5B,3,8,0.19,0.226,4.46
635,5B,3,10,0.17,0.208,4.23
636,5B,3,12,0.15,0.189,4.02
637,5B,3,14,0.131,0.17,3.81
638,5B,3,16,0.112,0.151,3.64
639,5B,3,18,0.095,0.132,3.47
640,7.5B,3,2,0.276,0.289,5.75
641,7.5B,3,4,0.246,0.264,5.2
642,7.5B,3,6,0.221,0.241,4.79
643,7.5B,3,8,0.2,0.219,4.49
644,7.5B,3,10,0.182,0.201,4.29
645,7.5B,3,12,0.164,0.182,4.02
646,7.5B,3,14,0.147,0.162,3.83
647,7.5B,3,16,0.129,0.143,3.66
648,7.5B,3,18,0.112,0.124,3.49
649,10B,3,2,0.278,0.287,5.75
650,10B,3,4,0.251,0.259,5.2
651,10B,3,6,0.228,0.236,4.79
652,10B,3,8,0.209,0.214,4.49
653,10B,3,10,0.192,0.196,4.29
654,10B,3,12,0.176,0.177,4.04
655,10B,3,14,0.159,0.158,3.85
656,10B,3,16,0.142,0.138,3.68
657,10B,3,18,0.125,0.119,3.51
658,10B,3,20,0.111,0.101,3.36
659,2.5PB,3,0,0.31,0.316,6.55
660,2.5PB,3,2,0.281,0.284,5.75
661,2.5PB,3,4,0.256,0.256,5.2
662,2.5PB,3,6,0.235,0.232,4.79
663,2.5PB,3,8,0.216,0.21,4.49
664,2.5PB,3,10,0.201,0.192,4.29
665,2.5PB,3,12,0.186,0.173,4.04
666,2.5PB,3,14,0.171,0.153,3.85
667,2.5PB,3,16,0.155,0.133,3.68
668,2.5PB,3,18,0.141,0.114,3.53
669,2.5PB,3,20,0.128,0.095,3.38
670,2.5PB,3,22,0.115,0.077,3.26
671,5PB,3,2,0.284,0.282,5.7
672,5PB,3,4,0.262,0.252,5.16
673,5PB,3,6,0.245,0.226,4.79
674,5PB,3,8,0.229,0.205,4.49
675,5PB,3,10,0.216,0.186,4.29
676,5PB,3,12,0.203,0.166,4.07
677,5PB,3,14,0.19,0.148,3.88
678,5PB,3,16,0.178,0.127,3.72
679,5PB,3,18,0.166,0.107,3.55
680,5PB,3,20,0.155,0.089,3.4
681,5PB,3,22,0.144,0.07,3.28
682,5PB,3,24,0.133,0.051,3.17
683,7.5PB,3,2,0.288,0.28,5.7
684,7.5PB,3,4,0.27,0.249,5.16
685,7.5PB,3,6,0.255,0.223,4.75
686,7.5PB,3,8,0.242,0.2,4.46
687,7.5PB,3,10,0.232,0.181,4.29
688,7.5PB,3,12,0.222,0.161,4.07
689,7.5PB,3,14,0.212,0.143,3.9
690,7.5PB,3,16,0.202,0.122,3.72
691,7.5PB,3,18,0.192,0.102,3.56
692,7.5PB,3,20,0.183,0.083,3.42
693,7.5PB,3,22,0.175,0.065,3.3
694,7.5PB,3,24,0.168,0.045,3.18
695,10PB,3,2,0.292,0.278,5.7
696,10PB,3,4,0.277,0.247,5.12
697,10PB,3,6,0.265,0.22,4.75
698,10PB,3,8,0.255,0.197,4.46
699,10PB,3,10,0.247,0.178,4.25
700,10PB,3,12,0.239,0.158,4.04
701,10PB,3,14,0.231,0.14,3.9
702,10PB,3,16,0.223,0.12,3.72
703,10PB,3,18,0.216,0.1,3.56
704,10PB,3,20,0.209,0.081,3.42
705,10PB,3,22,0.202,0.061,3.3
706,2.5P,3,0,0.31,0.316,6.55
707,2.5P,3,2,0.296,0.277,5.7
708,2.5P,3,4,0.285,0.246,5.12
709,2.5P,3,6,0.276,0.218,4.75
710,2.5P,3,8,0.268,0.195,4.43
711,2.5P,3,10,0.262,0.176,4.23
712,2.5P,3,12,0.256,0.156,4.04
713,2.5P,3,14,0.251,0.137,3.88
714,2.5P,3,16,0.246,0.117,3.7
715,2.5P,3,18,0.241,0.098,3.56
716,2.5P,3,20,0.237,0.079,3.42
717,2.5P,3,22,0.233,0.06,3.3
718,5P,3,2,0.3,0.277,5.7
719,5P,3,4,0.293,0.245,5.12
720,5P,3,6,0.287,0.218,4.71
721,5P,3,8,0.282,0.195,4.43
722,5P,3,10,0.278,0.176,4.23
723,5P,3,12,0.274,0.155,4.02
724,5P,3,14,0.27,0.136,3.85
725,5P,3,16,0.267,0.112,3.68
726,5P,3,18,0.263,0.098,3.55
727,5P,3,20,0.26,0.079,3.4
728,5P,3,22,0.256,0.06,3.26
729,7.5P,3,2,0.307,0.277,5.7
730,7.5P,3,4,0.304,0.245,5.12
731,7.5P,3,6,0.301,0.219,4.71
732,7.5P,3,8,0.298,0.195,4.4
733,7.5P,3,10,0.296,0.176,4.2
734,7.5P,3,12,0.294,0.156,4.0
735,7.5P,3,14,0.291,0.136,3.81
736,7.5P,3,16,0.289,0.117,3.64
737,7.5P,3,18,0.286,0.1,3.51
738,7.5P,3,20,0.283,0.08,3.36
739,7.5P,3,22,0.28,0.06,3.23
740,10P,3,2,0.312,0.278,5.7
741,10P,3,4,0.313,0.246,5.12
742,10P,3,6,0.314,0.22,4.68
743,10P,3,8,0.315,0.197,4.37
744,10P,3,10,0.315,0.178,4.18
745,10P,3,12,0.315,0.157,3.95
746,10P,3,14,0.315,0.139,3.77
747,10P,3,16,0.315,0.119,3.6
748,10P,3,18,0.315,0.102,3.45
749,10P,3,20,0.314,0.082,3.31
750,2.5RP,3,0,0.31,0.316,6.55
751,2.5RP,3,2,0.318,0.28,5.7
752,2.5RP,3,4,0.326,0.25,5.08
753,2.5RP,3,6,0.331,0.225,4.68
754,2.5RP,3,8,0.336,0.202,4.37
755,2.5RP,3,10,0.339,0.188,4.12
756,2.5RP,3,12,0.343,0.162,3.9
757,2.5RP,3,14,0.346,0.144,3.7
758,2.5RP,3,16,0.35,0.124,3.53
759,2.5RP,3,18,0.352,0.107,3.4
760,2.5RP,3,20,0.355,0.088,3.23
761,5RP,3,2,0.327,0.284,5.7
762,5RP,3,4,0.342,0.256,5.08
763,5RP,3,6,0.354,0.233,4.68
764,5RP,3,8,0.364,0.211,4.34
765,5RP,3,10,0.372,0.192,4.1
766,5RP,3,12,0.381,0.171,3.85
767,5RP,3,14,0.388,0.155,3.66
768,5RP,3,16,0.396,0.134,3.45
769,5RP,3,18,0.403,0.117,3.28
770,7.5RP,3,2,0.336,0.29,5.7
771,7.5RP,3,4,0.36,0.266,5.08
772,7.5RP,3,6,0.381,0.245,4.65
773,7.5RP,3,8,0.399,0.226,4.31
774,7.5RP,3,10,0.415,0.208,4.04
775,7.5RP,3,12,0.432,0.19,3.81
776,7.5RP,3,14,0.446,0.174,3.6
777,7.5RP,3,16,0.463,0.153,3.4
778,10RP,3,2,0.344,0.297,5.75
779,10RP,3,4,0.377,0.279,5.12
780,10RP,3,6,0.408,0.262,4.68
781,10RP,3,8,0.435,0.245,4.31
782,10RP,3,10,0.461,0.231,4.02
783,10RP,3,12,0.488,0.214,3.74
784,10RP,3,14,0.513,0.2,3.55
785,10RP,3,16,0.542,0.182,3.33
786,2.5R,4,0,0.3101,0.3163,12.0
787,2.5R,4,2,0.343,0.308,10.8
788,2.5R,4,4,0.377,0.297,9.8
789,2.5R,4,6,0.409,0.287,9.0
790,2.5R,4,8,0.44,0.276,8.3
791,2.5R,4,10,0.471,0.265,7.8
792,2.5R,4,12,0.5,0.255,7.3
793,2.5R,4,14,0.526,0.245,6.9
794,2.5R,4,16,0.554,0.234,6.5
795,2.5R,4,18,0.576,0.226,6.3
796,5R,4,2,0.346,0.313,10.9
797,5R,4,4,0.384,0.309,9.9
798,5R,4,6,0.422,0.303,9.1
799,5R,4,8,0.459,0.295,8.4
800,5R,4,10,0.495,0.287,7.8
801,5R,4,12,0.529,0.278,7.2
802,5R,4,14,0.563,0.269,6.8
803,5R,4,16,0.593,0.261,6.5
804,5R,4,18,0.624,0.252,6.1
805,7.5R,4,2,0.348,0.319,11.0
806,7.5R,4,4,0.389,0.319,10.1
807,7.5R,4,6,0.432,0.317,9.2
808,7.5R,4,8,0.473,0.313,8.4
809,7.5R,4,10,0.514,0.308,7.8
810,7.5R,4,12,0.554,0.301,7.3
811,7.5R,4,14,0.592,0.294,6.8
812,7.5R,4,16,0.628,0.286,6.4
813,7.5R,4,18,0.664,0.278,6.0
814,10R,4,2,0.35,0.323,11.1
815,10R,4,4,0.394,0.329,10.2
816,10R,4,6,0.441,0.333,9.4
817,10R,4,8,0.486,0.334,8.6
818,10R,4,10,0.529,0.334,7.9
819,10R,4,12,0.574,0.333,7.4
820,10R,4,14,0.617,0.332,6.9
821,10R,4,16,0.661,0.331,6.5
822,2.5YR,4,0,0.31,0.316,12.0
823,2.5YR,4,2,0.35,0.329,11.2
824,2.5YR,4,4,0.397,0.341,10.3
825,2.5YR,4,6,0.448,0.351,9.4
826,2.5YR,4,8,0.495,0.357,8.8
827,2.5YR,4,10,0.54,0.363,8.2
828,2.5YR,4,12,0.587,0.368,7.6
829,2.5YR,4,14,0.631,0.373,7.2
830,5YR,4,2,0.35,0.334,11.3
831,5YR,4,4,0.398,0.353,10.6
832,5YR,4,6,0.454,0.372,9.7
833,5YR,4,8,0.502,0.384,9.0
834,5YR,4,10,0.547,0.397,8.4
835,5YR,4,12,0.595,0.41,8.0
836,7.5YR,4,2,0.349,0.339,11.4
837,7.5YR,4,4,0.397,0.365,10.7
838,7.5YR,4,6,0.458,0.394,9.9
839,7.5YR,4,8,0.506,0.416,9.4
840,7.5YR,4,10,0.552,0.437,8.8
841,10YR,4,2,0.347,0.343,11.4
842,10YR,4,4,0.395,0.376,10.8
843,10YR,4,6,0.457,0.416,10.1
844,10YR,4,8,0.506,0.446,9.5
845,2.5Y,4,0,0.31,0.316,12.0
846,2.5Y,4,2,0.345,0.347,11.4
847,2.5Y,4,4,0.391,0.385,10.9
848,2.5Y,4,6,0.453,0.434,10.2
849,2.5Y,4,8,0.502,0.471,9.7
850,5Y,4,2,0.342,0.35,11.4
851,5Y,4,4,0.385,0.393,10.9
852,5Y,4,6,0.446,0.452,10.2
853,5Y,4,8,0.494,0.495,9.8
854,7.5Y,4,2,0.339,0.352,11.4
855,7.5Y,4,4,0.379,0.4,10.9
856,7.5Y,4,6,0.436,0.469,10.2
857,7.5Y,4,8,0.478,0.518,9.8
858,10Y,4,2,0.335,0.354,11.4
859,10Y,4,4,0.37,0.407,10.9
860,10Y,4,6,0.42,0.484,10.2
861,10Y,4,8,0.454,0.536,9.7
862,2.5GY,4,0,0.31,0.316,12.0
863,2.5GY,4,2,0.33,0.355,11.4
864,2.5GY,4,4,0.357,0.411,10.8
865,2.5GY,4,6,0.393,0.493,10.0
866,2.5GY,4,8,0.416,0.547,9.5
867,5GY,4,2,0.322,0.356,11.4
868,5GY,4,4,0.337,0.412,10.7
869,5GY,4,6,0.358,0.493,9.8
870,5GY,4,8,0.372,0.548,9.2
871,5GY,4,10,0.382,0.604,8.8
872,7.5GY,4,2,0.314,0.354,11.3
873,7.5GY,4,4,0.318,0.407,10.6
874,7.5GY,4,6,0.324,0.483,9.7
875,7.5GY,4,8,0.326,0.535,9.0
876,7.5GY,4,10,0.326,0.587,8.6
877,7.5GY,4,12,0.323,0.638,8.1
878,7.5GY,4,14,0.316,0.687,7.6
879,10GY,4,2,0.307,0.351,11.3
880,10GY,4,4,0.302,0.399,10.4
881,10GY,4,6,0.294,0.466,9.5
882,10GY,4,8,0.286,0.512,9.0
883,10GY,4,10,0.278,0.557,8.4
884,10GY,4,12,0.268,0.602,7.9
885,10GY,4,14,0.255,0.645,7.5
886,10GY,4,16,0.24,0.685,7.1
887,10GY,4,18,0.222,0.723,6.7
888,10GY,4,20,0.202,0.759,6.4
889,10GY,4,22,0.183,0.792,6.1
890,2.5G,4,0,0.31,0.316,12.0
891,2.5G,4,2,0.301,0.348,11.2
892,2.5G,4,4,0.287,0.389,10.3
893,2.5G,4,6,0.265,0.439,9.4
894,2.5G,4,8,0.247,0.475,8.8
895,2.5G,4,10,0.228,0.509,8.3
896,2.5G,4,12,0.209,0.544,7.7
897,2.5G,4,14,0.188,0.577,7.3
898,2.5G,4,16,0.166,0.611,6.9
899,2.5G,4,18,0.144,0.642,6.6
900,2.5G,4,20,0.122,0.674,6.3
901,2.5G,4,22,0.099,0.705,6.0
902,2.5G,4,24,0.074,0.737,5.7
903,2.5G,4,26,0.051,0.767,5.5
904,5G,4,2,0.296,0.344,11.2
905,5G,4,4,0.275,0.377,10.3
906,5G,4,6,0.245,0.416,9.4
907,5G,4,8,0.221,0.444,8.7
908,5G,4,10,0.195,0.471,8.1
909,5G,4,12,0.168,0.498,7.6
910,5G,4,14,0.141,0.522,7.2
911,5G,4,16,0.114,0.547,6.8
912,5G,4,18,0.087,0.57,6.5
913,5G,4,20,0.058,0.594,6.1
914,5G,4,22,0.031,0.617,5.8
915,5G,4,24,0.002,0.64,5.5
916,7.5G,4,2,0.291,0.339,11.1
917,7.5G,4,4,0.264,0.365,10.1
918,7.5G,4,6,0.23,0.394,9.3
919,7.5G,4,8,0.201,0.416,8.6
920,7.5G,4,10,0.171,0.437,8.1
921,7.5G,4,12,0.139,0.459,7.5
922,7.5G,4,14,0.109,0.478,7.1
923,7.5G,4,16,0.078,0.498,6.7
924,7.5G,4,18,0.048,0.516,6.3
925,7.5G,4,20,0.016,0.535,6.0
926,10G,4,2,0.285,0.332,11.1
927,10G,4,4,0.253,0.349,10.1
928,10G,4,6,0.211,0.369,9.2
929,10G,4,8,0.183,0.384,8.4
930,10G,4,10,0.15,0.4,7.9
931,10G,4,12,0.114,0.415,7.4
932,10G,4,14,0.08,0.429,6.9
933,10G,4,16,0.044,0.443,6.5
934,2.5BG,4,0,0.31,0.316,12.0
935,2.5BG,4,2,0.281,0.324,11.0
936,2.5BG,4,4,0.245,0.331,10.0
937,2.5BG,4,6,0.206,0.338,9.1
938,2.5BG,4,8,0.169,0.343,8.4
939,2.5BG,4,10,0.132,0.347,7.8
940,2.5BG,4,12,0.095,0.351,7.2
941,2.5BG,4,14,0.059,0.354,6.8
942,2.5BG,4,16,0.019,0.355,6.4
943,5BG,4,2,0.278,0.316,10.9
944,5BG,4,4,0.242,0.315,9.9
945,5BG,4,6,0.204,0.312,9.1
946,5BG,4,8,0.167,0.308,8.4
947,5BG,4,10,0.131,0.304,7.7
948,5BG,4,12,0.097,0.3,7.3
949,5BG,4,14,0.062,0.295,6.8
950,7.5BG,4,2,0.277,0.309,10.9
951,7.5BG,4,4,0.242,0.301,9.8
952,7.5BG,4,6,0.207,0.291,9.1
953,7.5BG,4,8,0.174,0.28,8.4
954,7.5BG,4,10,0.143,0.269,7.8
955,7.5BG,4,12,0.113,0.257,7.4
956,7.5BG,4,14,0.084,0.246,7.0
957,7.5BG,4,16,0.058,0.235,6.6
958,10BG,4,2,0.277,0.305,10.8
959,10BG,4,4,0.245,0.29,9.8
960,10BG,4,6,0.215,0.275,9.1
961,10BG,4,8,0.186,0.26,8.4
962,10BG,4,10,0.166,0.246,8.0
963,10BG,4,12,0.136,0.23,7.5
964,10BG,4,14,0.112,0.214,7.2
965,10BG,4,16,0.087,0.198,6.8
966,2.5B,4,0,0.31,0.316,12.0
967,2.5B,4,2,0.278,0.3,10.8
968,2.5B,4,4,0.248,0.283,9.8
969,2.5B,4,6,0.221,0.265,9.1
970,2.5B,4,8,0.196,0.249,8.6
971,2.5B,4,10,0.175,0.232,8.1
972,2.5B,4,12,0.154,0.215,7.6
973,2.5B,4,14,0.132,0.197,7.2
974,2.5B,4,16,0.111,0.178,6.9
975,2.5B,4,18,0.091,0.161,6.6
976,5B,4,2,0.279,0.297,10.7
977,5B,4,4,0.251,0.277,9.8
978,5B,4,6,0.227,0.258,9.1
979,5B,4,8,0.205,0.24,8.6
980,5B,4,10,0.186,0.223,8.1
981,5B,4,12,0.167,0.206,7.7
982,5B,4,14,0.147,0.187,7.3
983,5B,4,16,0.128,0.169,6.9
984,5B,4,18,0.11,0.151,6.7
985,5B,4,20,0.092,0.131,6.3
986,7.5B,4,2,0.281,0.294,10.7
987,7.5B,4,4,0.256,0.273,9.8
988,7.5B,4,6,0.233,0.252,9.1
989,7.5B,4,8,0.214,0.234,8.6
990,7.5B,4,10,0.196,0.217,8.2
991,7.5B,4,12,0.18,0.199,7.4
992,7.5B,4,14,0.162,0.18,7.4
993,7.5B,4,16,0.145,0.161,7.0
994,7.5B,4,18,0.128,0.143,6.7
995,7.5B,4,20,0.111,0.123,6.4
996,10B,4,2,0.284,0.291,10.7
997,10B,4,4,0.26,0.269,9.8
998,10B,4,6,0.239,0.247,9.1
999,10B,4,8,0.221,0.229,8.6
1000,10B,4,10,0.205,0.211,8.2
1001,10B,4,12,0.189,0.194,7.7
1002,10B,4,14,0.172,0.176,7.4
1003,10B,4,16,0.156,0.156,7.0
1004,10B,4,18,0.141,0.139,6.7
1005,10B,4,20,0.124,0.119,6.4
1006,10B,4,22,0.109,0.1,6.2
1007,2.5PB,4,0,0.31,0.316,12.0
1008,2.5PB,4,2,0.286,0.289,10.7
1009,2.5PB,4,4,0.264,0.266,9.8
1010,2.5PB,4,6,0.244,0.243,9.1
1011,2.5PB,4,8,0.228,0.225,8.6
1012,2.5PB,4,10,0.213,0.207,8.2
1013,2.5PB,4,12,0.198,0.188,7.7
1014,2.5PB,4,14,0.184,0.171,7.4
1015,2.5PB,4,16,0.168,0.152,7.1
1016,2.5PB,4,18,0.154,0.134,6.8
1017,2.5PB,4,20,0.139,0.115,6.5
1018,2.5PB,4,22,0.126,0.097,6.2
1019,5PB,4,2,0.289,0.287,10.7
1020,5PB,4,4,0.27,0.262,9.8
1021,5PB,4,6,0.253,0.238,9.1
1022,5PB,4,8,0.239,0.219,8.6
1023,5PB,4,10,0.227,0.202,8.2
1024,5PB,4,12,0.213,0.182,7.7
1025,5PB,4,14,0.201,0.166,7.4
1026,5PB,4,16,0.188,0.146,7.1
1027,5PB,4,18,0.177,0.129,6.8
1028,5PB,4,20,0.164,0.109,6.5
1029,5PB,4,22,0.154,0.092,6.3
1030,5PB,4,24,0.142,0.072,6.0
1031,5PB,4,26,0.132,0.055,5.8
1032,7.5PB,4,2,0.292,0.286,10.7
1033,7.5PB,4,4,0.276,0.259,9.8
1034,7.5PB,4,6,0.262,0.235,9.0
1035,7.5PB,4,8,0.25,0.215,8.5
1036,7.5PB,4,10,0.24,0.197,8.1
1037,7.5PB,4,12,0.229,0.177,7.7
1038,7.5PB,4,14,0.22,0.161,7.4
1039,7.5PB,4,16,0.21,0.142,7.1
1040,7.5PB,4,18,0.2,0.123,6.8
1041,7.5PB,4,20,0.192,0.105,6.6
1042,7.5PB,4,22,0.184,0.088,6.3
1043,7.5PB,4,24,0.175,0.068,6.1
1044,7.5PB,4,26,0.167,0.05,5.9
1045,7.5PB,4,28,0.159,0.03,5.7
1046,10PB,4,2,0.295,0.285,10.6
1047,10PB,4,4,0.282,0.257,9.8
1048,10PB,4,6,0.271,0.233,9.0
1049,10PB,4,8,0.261,0.217,8.5
1050,10PB,4,10,0.253,0.194,8.1
1051,10PB,4,12,0.245,0.175,7.7
1052,10PB,4,14,0.237,0.157,7.4
1053,10PB,4,16,0.229,0.138,7.1
1054,10PB,4,18,0.221,0.12,6.8
1055,10PB,4,20,0.214,0.101,6.6
1056,10PB,4,22,0.207,0.085,6.3
1057,10PB,4,24,0.2,0.065,6.1
1058,10PB,4,26,0.194,0.048,5.9
1059,10PB,4,28,0.187,0.028,5.7
1060,2.5P,4,0,0.31,0.316,12.0
1061,2.5P,4,2,0.298,0.284,10.6
1062,2.5P,4,4,0.288,0.26,9.8
1063,2.5P,4,6,0.28,0.232,9.0
1064,2.5P,4,8,0.273,0.211,8.4
1065,2.5P,4,10,0.267,0.192,8.1
1066,2.5P,4,12,0.261,0.172,7.7
1067,2.5P,4,14,0.255,0.153,7.4
1068,2.5P,4,16,0.25,0.135,7.1
1069,2.5P,4,18,0.245,0.116,6.8
1070,2.5P,4,20,0.24,0.097,6.5
1071,2.5P,4,22,0.236,0.082,6.3
1072,2.5P,4,24,0.232,0.063,5.9
1073,2.5P,4,26,0.228,0.046,5.6
1074,5P,4,2,0.303,0.284,10.6
1075,5P,4,4,0.296,0.254,9.7
1076,5P,4,6,0.29,0.232,9.0
1077,5P,4,8,0.285,0.21,8.4
1078,5P,4,10,0.281,0.192,8.1
1079,5P,4,12,0.277,0.177,7.7
1080,5P,4,14,0.273,0.153,7.3
1081,5P,4,16,0.269,0.134,7.0
1082,5P,4,18,0.265,0.116,6.7
1083,5P,4,20,0.262,0.096,6.5
1084,5P,4,22,0.259,0.081,6.2
1085,5P,4,24,0.256,0.062,5.9
1086,7.5P,4,2,0.307,0.285,10.7
1087,7.5P,4,4,0.305,0.255,9.6
1088,7.5P,4,6,0.303,0.232,9.0
1089,7.5P,4,8,0.301,0.211,8.4
1090,7.5P,4,10,0.298,0.192,8.0
1091,7.5P,4,12,0.297,0.178,7.6
1092,7.5P,4,14,0.294,0.154,7.3
1093,7.5P,4,16,0.292,0.135,6.9
1094,7.5P,4,18,0.289,0.117,6.7
1095,7.5P,4,20,0.286,0.096,6.4
1096,7.5P,4,22,0.283,0.08,6.2
1097,10P,4,2,0.312,0.286,10.7
1098,10P,4,4,0.315,0.257,9.6
1099,10P,4,6,0.315,0.234,9.0
1100,10P,4,8,0.316,0.218,8.4
1101,10P,4,10,0.317,0.194,8.0
1102,10P,4,12,0.317,0.175,7.5
1103,10P,4,14,0.318,0.157,7.2
1104,10P,4,16,0.318,0.138,6.9
1105,10P,4,18,0.318,0.12,6.6
1106,10P,4,20,0.318,0.102,6.3
1107,10P,4,22,0.318,0.082,6.0
1108,2.5RP,4,0,0.31,0.316,12.0
1109,2.5RP,4,2,0.317,0.288,10.7
1110,2.5RP,4,4,0.324,0.261,9.6
1111,2.5RP,4,6,0.33,0.237,8.9
1112,2.5RP,4,8,0.334,0.217,8.4
1113,2.5RP,4,10,0.338,0.199,7.9
1114,2.5RP,4,12,0.343,0.18,7.5
1115,2.5RP,4,14,0.346,0.163,7.1
1116,2.5RP,4,16,0.35,0.144,6.8
1117,2.5RP,4,18,0.353,0.127,6.5
1118,2.5RP,4,20,0.356,0.11,6.2
1119,5RP,4,2,0.325,0.291,10.7
1120,5RP,4,4,0.338,0.267,9.6
1121,5RP,4,6,0.35,0.245,8.9
1122,5RP,4,8,0.359,0.226,8.3
1123,5RP,4,10,0.367,0.208,7.8
1124,5RP,4,12,0.377,0.189,7.4
1125,5RP,4,14,0.384,0.172,7.1
1126,5RP,4,16,0.392,0.155,6.7
1127,5RP,4,18,0.4,0.138,6.4
1128,7.5RP,4,2,0.332,0.295,10.7
1129,7.5RP,4,4,0.352,0.276,9.7
1130,7.5RP,4,6,0.372,0.257,8.9
1131,7.5RP,4,8,0.388,0.24,8.3
1132,7.5RP,4,10,0.404,0.223,7.8
1133,7.5RP,4,12,0.421,0.207,7.4
1134,7.5RP,4,14,0.436,0.191,6.9
1135,7.5RP,4,16,0.452,0.174,6.6
1136,10RP,4,2,0.339,0.302,10.7
1137,10RP,4,4,0.367,0.287,9.8
1138,10RP,4,6,0.395,0.272,9.0
1139,10RP,4,8,0.419,0.259,8.3
1140,10RP,4,10,0.444,0.245,7.8
1141,10RP,4,12,0.466,0.232,7.3
1142,10RP,4,14,0.488,0.22,6.9
1143,10RP,4,16,0.511,0.206,6.6
1144,2.5R,5,0,0.31,0.316,19.7
1145,2.5R,5,2,0.34,0.311,18.3
1146,2.5R,5,4,0.369,0.303,16.7
1147,2.5R,5,6,0.398,0.295,15.4
1148,2.5R,5,8,0.427,0.286,14.3
1149,2.5R,5,10,0.455,0.277,13.4
1150,2.5R,5,12,0.482,0.263,12.7
1151,2.5R,5,14,0.508,0.259,11.9
1152,2.5R,5,16,0.531,0.251,11.4
1153,2.5R,5,18,0.554,0.243,10.9
1154,5R,5,2,0.341,0.315,18.3
1155,5R,5,4,0.374,0.312,16.9
1156,5R,5,6,0.407,0.308,15.6
1157,5R,5,8,0.441,0.302,14.5
1158,5R,5,10,0.473,0.296,13.5
1159,5R,5,12,0.505,0.29,12.7
1160,5R,5,14,0.534,0.283,12.0
1161,5R,5,16,0.564,0.277,11.4
1162,5R,5,18,0.594,0.271,10.7
1163,7.5R,5,2,0.342,0.32,18.5
1164,7.5R,5,4,0.378,0.322,17.2
1165,7.5R,5,6,0.415,0.322,15.8
1166,7.5R,5,8,0.456,0.32,14.7
1167,7.5R,5,10,0.487,0.318,13.7
1168,7.5R,5,12,0.522,0.314,12.8
1169,7.5R,5,14,0.552,0.31,12.1
1170,7.5R,5,16,0.584,0.304,11.5
1171,7.5R,5,18,0.616,0.297,10.9
1172,10R,5,2,0.343,0.324,18.6
1173,10R,5,4,0.381,0.33,17.3
1174,10R,5,6,0.422,0.335,16.1
1175,10R,5,8,0.459,0.338,15.0
1176,10R,5,10,0.496,0.339,14.0
1177,10R,5,12,0.534,0.34,13.2
1178,10R,5,14,0.567,0.341,12.4
1179,10R,5,16,0.603,0.341,11.8
1180,10R,5,18,0.64,0.342,11.2
1181,2.5YR,5,0,0.31,0.316,19.7
1182,2.5YR,5,2,0.343,0.328,18.8
1183,2.5YR,5,4,0.383,0.341,17.7
1184,2.5YR,5,6,0.427,0.351,16.3
1185,2.5YR,5,8,0.466,0.359,15.3
1186,2.5YR,5,10,0.504,0.365,14.4
1187,2.5YR,5,12,0.543,0.371,13.5
1188,2.5YR,5,14,0.58,0.376,12.9
1189,2.5YR,5,16,0.618,0.382,12.2
1190,5YR,5,2,0.342,0.332,18.8
1191,5YR,5,4,0.383,0.35,17.8
1192,5YR,5,6,0.43,0.37,16.6
1193,5YR,5,8,0.47,0.384,15.7
1194,5YR,5,10,0.509,0.396,14.9
1195,5YR,5,12,0.55,0.408,14.1
1196,7.5YR,5,2,0.341,0.337,19.2
1197,7.5YR,5,4,0.381,0.361,18.1
1198,7.5YR,5,6,0.43,0.387,17.0
1199,7.5YR,5,8,0.47,0.406,16.1
1200,7.5YR,5,10,0.511,0.426,15.4
1201,7.5YR,5,12,0.552,0.445,14.6
1202,10YR,5,2,0.339,0.34,19.2
1203,10YR,5,4,0.378,0.368,18.3
1204,10YR,5,6,0.428,0.402,17.2
1205,10YR,5,8,0.468,0.428,16.5
1206,10YR,5,10,0.507,0.453,15.8
1207,10YR,5,12,0.548,0.48,15.1
1208,2.5Y,5,0,0.31,0.316,19.7
1209,2.5Y,5,2,0.338,0.342,19.2
1210,2.5Y,5,4,0.374,0.376,18.3
1211,2.5Y,5,6,0.423,0.415,17.3
1212,2.5Y,5,8,0.462,0.446,16.6
1213,2.5Y,5,10,0.5,0.475,15.9
1214,5Y,5,2,0.336,0.345,19.2
1215,5Y,5,4,0.371,0.381,18.3
1216,5Y,5,6,0.417,0.427,17.3
1217,5Y,5,8,0.454,0.462,16.7
1218,5Y,5,10,0.49,0.496,16.1
1219,7.5Y,5,2,0.334,0.346,19.2
1220,7.5Y,5,4,0.365,0.386,18.3
1221,7.5Y,5,6,0.407,0.438,17.3
1222,7.5Y,5,8,0.44,0.477,16.7
1223,7.5Y,5,10,0.472,0.514,16.1
1224,10Y,5,2,0.33,0.348,19.2
1225,10Y,5,4,0.358,0.39,18.3
1226,10Y,5,6,0.395,0.447,17.3
1227,10Y,5,8,0.423,0.489,16.6
1228,10Y,5,10,0.448,0.529,16.1
1229,2.5GY,5,0,0.31,0.316,19.7
1230,2.5GY,5,2,0.326,0.349,19.0
1231,2.5GY,5,4,0.347,0.392,18.3
1232,2.5GY,5,6,0.376,0.454,17.2
1233,2.5GY,5,8,0.396,0.497,16.5
1234,2.5GY,5,10,0.416,0.541,15.8
1235,2.5GY,5,12,0.434,0.586,15.2
1236,5GY,5,2,0.32,0.349,19.0
1237,5GY,5,4,0.334,0.393,18.1
1238,5GY,5,6,0.352,0.455,16.9
1239,5GY,5,8,0.364,0.498,16.2
1240,5GY,5,10,0.375,0.543,15.4
1241,5GY,5,12,0.384,0.586,14.7
1242,5GY,5,14,0.392,0.633,14.0
1243,7.5GY,5,2,0.314,0.348,18.8
1244,7.5GY,5,4,0.319,0.391,17.8
1245,7.5GY,5,6,0.325,0.448,16.6
1246,7.5GY,5,8,0.328,0.49,15.8
1247,7.5GY,5,10,0.331,0.532,15.1
1248,7.5GY,5,12,0.332,0.572,14.4
1249,7.5GY,5,14,0.331,0.613,13.7
1250,7.5GY,5,16,0.328,0.65,13.2
1251,7.5GY,5,18,0.324,0.687,12.6
1252,10GY,5,2,0.309,0.347,18.8
1253,10GY,5,4,0.305,0.385,17.7
1254,10GY,5,6,0.301,0.437,16.3
1255,10GY,5,8,0.297,0.474,15.6
1256,10GY,5,10,0.292,0.51,14.7
1257,10GY,5,12,0.287,0.546,14.1
1258,10GY,5,14,0.28,0.581,13.5
1259,10GY,5,16,0.272,0.614,12.9
1260,10GY,5,18,0.262,0.646,12.4
1261,10GY,5,20,0.251,0.676,11.9
1262,10GY,5,22,0.237,0.707,11.4
1263,10GY,5,24,0.223,0.737,11.0
1264,10GY,5,26,0.207,0.765,10.6
1265,2.5G,5,0,0.31,0.316,19.7
1266,2.5G,5,2,0.303,0.344,18.6
1267,2.5G,5,4,0.293,0.377,17.5
1268,2.5G,5,6,0.277,0.419,16.5
1269,2.5G,5,8,0.265,0.449,15.3
1270,2.5G,5,10,0.251,0.478,14.5
1271,2.5G,5,12,0.236,0.506,13.8
1272,2.5G,5,14,0.221,0.532,13.2
1273,2.5G,5,16,0.204,0.562,12.5
1274,2.5G,5,18,0.19,0.586,12.0
1275,2.5G,5,20,0.171,0.616,11.4
1276,2.5G,5,22,0.153,0.643,11.0
1277,2.5G,5,24,0.135,0.658,10.5
1278,2.5G,5,26,0.117,0.694,10.1
1279,2.5G,5,28,0.099,0.718,9.8
1280,2.5G,5,30,0.08,0.742,9.5
1281,2.5G,5,32,0.061,0.767,9.2
1282,5G,5,2,0.298,0.34,18.6
1283,5G,5,4,0.282,0.367,17.5
1284,5G,5,6,0.259,0.399,16.1
1285,5G,5,8,0.24,0.424,15.1
1286,5G,5,10,0.221,0.447,14.3
1287,5G,5,12,0.198,0.47,13.4
1288,5G,5,14,0.179,0.49,12.8
1289,5G,5,16,0.157,0.511,12.2
1290,5G,5,18,0.134,0.531,11.6
1291,5G,5,20,0.111,0.551,11.1
1292,5G,5,22,0.089,0.57,10.7
1293,5G,5,24,0.066,0.589,10.2
1294,7.5G,5,2,0.293,0.336,18.5
1295,7.5G,5,4,0.272,0.358,17.3
1296,7.5G,5,6,0.246,0.383,15.9
1297,7.5G,5,8,0.222,0.402,15.0
1298,7.5G,5,10,0.2,0.42,14.1
1299,7.5G,5,12,0.175,0.438,13.3
1300,7.5G,5,14,0.152,0.456,12.6
1301,7.5G,5,16,0.127,0.472,12.1
1302,7.5G,5,18,0.102,0.488,11.4
1303,7.5G,5,20,0.077,0.505,10.9
1304,7.5G,5,22,0.053,0.521,10.4
1305,10G,5,2,0.289,0.331,18.5
1306,10G,5,4,0.263,0.346,17.2
1307,10G,5,6,0.233,0.362,15.7
1308,10G,5,8,0.205,0.377,14.6
1309,10G,5,10,0.18,0.389,13.8
1310,10G,5,12,0.153,0.401,13.1
1311,10G,5,14,0.125,0.415,12.4
1312,10G,5,16,0.098,0.428,11.7
1313,10G,5,18,0.071,0.44,11.2
1314,10G,5,20,0.033,0.452,10.6
1315,2.5BG,5,0,0.31,0.316,19.7
1316,2.5BG,5,2,0.285,0.325,18.3
1317,2.5BG,5,4,0.256,0.332,16.9
1318,2.5BG,5,6,0.224,0.339,15.7
1319,2.5BG,5,8,0.192,0.344,14.7
1320,2.5BG,5,10,0.164,0.348,13.6
1321,2.5BG,5,12,0.134,0.353,12.8
1322,2.5BG,5,14,0.104,0.356,12.1
1323,2.5BG,5,16,0.075,0.359,11.5
1324,5BG,5,2,0.282,0.318,18.3
1325,5BG,5,4,0.252,0.318,16.7
1326,5BG,5,6,0.221,0.317,15.6
1327,5BG,5,8,0.188,0.315,14.4
1328,5BG,5,10,0.159,0.313,13.5
1329,5BG,5,12,0.13,0.311,12.8
1330,5BG,5,14,0.1,0.308,12.1
1331,5BG,5,16,0.072,0.306,11.5
1332,7.5BG,5,2,0.281,0.312,18.1
1333,7.5BG,5,4,0.251,0.306,16.7
1334,7.5BG,5,6,0.222,0.298,15.4
1335,7.5BG,5,8,0.192,0.29,14.4
1336,7.5BG,5,10,0.164,0.28,13.5
1337,7.5BG,5,12,0.137,0.271,12.8
1338,7.5BG,5,14,0.112,0.263,12.1
1339,7.5BG,5,16,0.087,0.253,11.7
1340,10BG,5,2,0.282,0.308,18.1
1341,10BG,5,4,0.252,0.297,16.6
1342,10BG,5,6,0.225,0.285,15.4
1343,10BG,5,8,0.2,0.272,14.5
1344,10BG,5,10,0.176,0.259,13.7
1345,10BG,5,12,0.153,0.245,13.0
1346,10BG,5,14,0.132,0.232,12.4
1347,10BG,5,16,0.11,0.218,11.8
1348,10BG,5,18,0.09,0.205,11.4
1349,2.5B,5,0,0.31,0.316,19.7
1350,2.5B,5,2,0.282,0.304,18.1
1351,2.5B,5,4,0.255,0.289,16.6
1352,2.5B,5,6,0.231,0.275,15.4
1353,2.5B,5,8,0.208,0.26,14.5
1354,2.5B,5,10,0.188,0.245,13.8
1355,2.5B,5,12,0.168,0.229,13.1
1356,2.5B,5,14,0.15,0.215,12.5
1357,2.5B,5,16,0.131,0.199,11.9
1358,2.5B,5,18,0.112,0.183,11.4
1359,2.5B,5,20,0.094,0.167,11.0
1360,5B,5,2,0.284,0.301,18.0
1361,5B,5,4,0.258,0.284,16.6
1362,5B,5,6,0.236,0.267,15.4
1363,5B,5,8,0.216,0.251,14.6
1364,5B,5,10,0.198,0.236,13.9
1365,5B,5,12,0.179,0.219,13.2
1366,5B,5,14,0.163,0.203,12.5
1367,5B,5,16,0.145,0.187,12.0
1368,5B,5,18,0.128,0.171,11.5
1369,5B,5,20,0.111,0.154,11.1
1370,7.5B,5,2,0.285,0.298,18.0
1371,7.5B,5,4,0.262,0.279,16.6
1372,7.5B,5,6,0.241,0.261,15.4
1373,7.5B,5,8,0.223,0.244,14.6
1374,7.5B,5,10,0.207,0.229,13.9
1375,7.5B,5,12,0.19,0.211,13.3
1376,7.5B,5,14,0.175,0.195,12.5
1377,7.5B,5,16,0.159,0.178,12.0
1378,7.5B,5,18,0.144,0.166,11.5
1379,7.5B,5,20,0.128,0.144,11.1
1380,7.5B,5,22,0.112,0.127,10.6
1381,10B,5,2,0.287,0.296,18.0
1382,10B,5,4,0.266,0.276,16.6
1383,10B,5,6,0.246,0.256,15.4
1384,10B,5,8,0.23,0.239,14.6
1385,10B,5,10,0.215,0.224,13.9
1386,10B,5,12,0.199,0.206,13.3
1387,10B,5,14,0.184,0.184,12.6
1388,10B,5,16,0.168,0.173,12.0
1389,10B,5,18,0.153,0.157,11.5
1390,10B,5,20,0.138,0.139,11.1
1391,10B,5,22,0.122,0.122,10.6
1392,2.5PB,5,0,0.31,0.316,19.7
1393,2.5PB,5,2,0.289,0.294,18.0
1394,2.5PB,5,4,0.269,0.273,16.6
1395,2.5PB,5,6,0.251,0.253,15.4
1396,2.5PB,5,8,0.236,0.235,14.6
1397,2.5PB,5,10,0.222,0.219,13.9
1398,2.5PB,5,12,0.207,0.201,13.3
1399,2.5PB,5,14,0.193,0.185,12.6
1400,2.5PB,5,16,0.178,0.168,12.1
1401,2.5PB,5,18,0.165,0.151,11.5
1402,2.5PB,5,20,0.151,0.134,11.1
1403,2.5PB,5,22,0.136,0.116,10.6
1404,2.5PB,5,24,0.122,0.1,10.2
1405,5PB,5,2,0.294,0.292,18.0
1406,5PB,5,4,0.275,0.27,16.6
1407,5PB,5,6,0.259,0.248,15.4
1408,5PB,5,8,0.245,0.23,14.5
1409,5PB,5,10,0.233,0.214,13.8
1410,5PB,5,12,0.221,0.195,13.2
1411,5PB,5,14,0.208,0.178,12.6
1412,5PB,5,16,0.195,0.16,12.1
1413,5PB,5,18,0.184,0.143,11.6
1414,5PB,5,20,0.172,0.125,11.1
1415,5PB,5,22,0.16,0.107,10.6
1416,5PB,5,24,0.15,0.09,10.2
1417,5PB,5,26,0.141,0.075,10.0
1418,7.5PB,5,2,0.295,0.29,18.0
1419,7.5PB,5,4,0.28,0.267,16.5
1420,7.5PB,5,6,0.267,0.245,15.4
1421,7.5PB,5,8,0.255,0.226,14.5
1422,7.5PB,5,10,0.245,0.209,13.8
1423,7.5PB,5,12,0.235,0.191,13.2
1424,7.5PB,5,14,0.225,0.173,12.6
1425,7.5PB,5,16,0.214,0.154,12.1
1426,7.5PB,5,18,0.205,0.137,11.6
1427,7.5PB,5,20,0.196,0.119,11.2
1428,7.5PB,5,22,0.186,0.1,10.7
1429,7.5PB,5,24,0.177,0.083,10.3
1430,7.5PB,5,26,0.169,0.067,10.0
1431,7.5PB,5,28,0.161,0.059,9.6
1432,10PB,5,2,0.297,0.289,18.1
1433,10PB,5,4,0.286,0.265,16.5
1434,10PB,5,6,0.274,0.243,15.3
1435,10PB,5,8,0.265,0.224,14.4
1436,10PB,5,10,0.257,0.207,13.8
1437,10PB,5,12,0.249,0.188,13.2
1438,10PB,5,14,0.241,0.17,12.6
1439,10PB,5,16,0.232,0.151,12.1
1440,10PB,5,18,0.224,0.134,11.6
1441,10PB,5,20,0.216,0.116,11.2
1442,10PB,5,22,0.207,0.097,10.7
1443,10PB,5,24,0.2,0.08,10.3
1444,10PB,5,26,0.192,0.062,10.0
1445,10PB,5,28,0.184,0.044,9.6
1446,10PB,5,30,0.177,0.03,9.3
1447,2.5P,5,0,0.31,0.316,19.7
1448,2.5P,5,2,0.3,0.289,18.1
1449,2.5P,5,4,0.291,0.264,16.5
1450,2.5P,5,6,0.283,0.242,15.3
1451,2.5P,5,8,0.276,0.227,14.4
1452,2.5P,5,10,0.27,0.205,13.7
1453,2.5P,5,12,0.264,0.185,13.1
1454,2.5P,5,14,0.258,0.168,12.6
1455,2.5P,5,16,0.252,0.149,12.0
1456,2.5P,5,18,0.247,0.132,11.6
1457,2.5P,5,20,0.242,0.116,11.1
1458,2.5P,5,22,0.237,0.096,10.7
1459,2.5P,5,24,0.233,0.077,10.3
1460,2.5P,5,26,0.228,0.058,9.9
1461,2.5P,5,28,0.223,0.038,9.5
1462,5P,5,2,0.303,0.289,18.1
1463,5P,5,4,0.297,0.264,16.5
1464,5P,5,6,0.291,0.241,15.2
1465,5P,5,8,0.286,0.222,14.4
1466,5P,5,10,0.282,0.204,13.7
1467,5P,5,12,0.278,0.184,13.1
1468,5P,5,14,0.274,0.167,12.5
1469,5P,5,16,0.269,0.148,12.0
1470,5P,5,18,0.266,0.131,11.5
1471,5P,5,20,0.263,0.114,11.1
1472,5P,5,22,0.259,0.095,10.6
1473,5P,5,24,0.256,0.077,10.2
1474,5P,5,26,0.252,0.058,9.8
1475,7.5P,5,2,0.308,0.289,18.1
1476,7.5P,5,4,0.305,0.264,16.3
1477,7.5P,5,6,0.303,0.241,15.2
1478,7.5P,5,8,0.301,0.222,14.3
1479,7.5P,5,10,0.299,0.204,13.6
1480,7.5P,5,12,0.297,0.185,13.0
1481,7.5P,5,14,0.295,0.168,12.4
1482,7.5P,5,16,0.293,0.149,11.8
1483,7.5P,5,18,0.29,0.132,11.4
1484,7.5P,5,20,0.288,0.113,11.1
1485,7.5P,5,22,0.285,0.095,10.5
1486,7.5P,5,24,0.282,0.083,10.1
1487,10P,5,2,0.312,0.29,18.1
1488,10P,5,4,0.314,0.266,16.3
1489,10P,5,6,0.315,0.243,15.2
1490,10P,5,8,0.316,0.224,14.3
1491,10P,5,10,0.317,0.207,13.5
1492,10P,5,12,0.318,0.188,12.9
1493,10P,5,14,0.319,0.169,12.2
1494,10P,5,16,0.319,0.152,11.7
1495,10P,5,18,0.32,0.134,11.2
1496,10P,5,20,0.32,0.116,10.7
1497,10P,5,22,0.321,0.101,10.4
1498,2.5RP,5,0,0.31,0.316,19.7
1499,2.5RP,5,2,0.317,0.292,18.1
1500,2.5RP,5,4,0.323,0.269,16.3
1501,2.5RP,5,6,0.329,0.247,15.2
1502,2.5RP,5,8,0.333,0.228,14.2
1503,2.5RP,5,10,0.338,0.213,13.5
1504,2.5RP,5,12,0.342,0.194,12.8
1505,2.5RP,5,14,0.347,0.174,12.1
1506,2.5RP,5,16,0.35,0.159,11.6
1507,2.5RP,5,18,0.354,0.142,11.1
1508,2.5RP,5,20,0.358,0.126,10.6
1509,5RP,5,2,0.323,0.295,18.0
1510,5RP,5,4,0.336,0.274,16.5
1511,5RP,5,6,0.346,0.255,15.2
1512,5RP,5,8,0.356,0.237,14.2
1513,5RP,5,10,0.363,0.221,13.4
1514,5RP,5,12,0.371,0.205,12.8
1515,5RP,5,14,0.38,0.186,12.1
1516,5RP,5,16,0.386,0.173,11.6
1517,5RP,5,18,0.393,0.157,11.1
1518,5RP,5,20,0.401,0.142,10.6
1519,7.5RP,5,2,0.33,0.299,18.0
1520,7.5RP,5,4,0.348,0.282,16.5
1521,7.5RP,5,6,0.365,0.265,15.2
1522,7.5RP,5,8,0.382,0.25,14.2
1523,7.5RP,5,10,0.396,0.236,13.4
1524,7.5RP,5,12,0.409,0.223,12.8
1525,7.5RP,5,14,0.424,0.208,12.1
1526,7.5RP,5,16,0.436,0.197,11.6
1527,7.5RP,5,18,0.448,0.184,11.1
1528,10RP,5,2,0.335,0.304,18.0
1529,10RP,5,4,0.36,0.293,16.6
1530,10RP,5,6,0.384,0.28,15.3
1531,10RP,5,8,0.408,0.268,14.2
1532,10RP,5,10,0.43,0.257,13.4
1533,10RP,5,12,0.452,0.246,12.8
1534,10RP,5,14,0.471,0.236,12.1
1535,10RP,5,16,0.49,0.225,11.5
1536,10RP,5,18,0.506,0.216,11.1
1537,2.5R,6,0,0.31,0.316,30.0
1538,2.5R,6,2,0.337,0.312,28.1
1539,2.5R,6,4,0.363,0.307,25.9
1540,2.5R,6,6,0.39,0.302,24.0
1541,2.5R,6,8,0.416,0.293,22.6
1542,2.5R,6,10,0.441,0.286,21.3
1543,2.5R,6,12,0.465,0.278,20.2
1544,2.5R,6,14,0.49,0.269,19.0
1545,2.5R,6,16,0.513,0.262,18.0
1546,5R,6,2,0.338,0.316,28.1
1547,5R,6,4,0.368,0.315,26.1
1548,5R,6,6,0.398,0.313,24.4
1549,5R,6,8,0.427,0.31,22.9
1550,5R,6,10,0.457,0.306,21.5
1551,5R,6,12,0.485,0.302,20.3
1552,5R,6,14,0.521,0.298,19.3
1553,5R,6,16,0.541,0.292,18.2
1554,7.5R,6,2,0.339,0.321,28.3
1555,7.5R,6,4,0.371,0.324,26.6
1556,7.5R,6,6,0.404,0.325,24.6
1557,7.5R,6,8,0.435,0.326,23.3
1558,7.5R,6,10,0.467,0.325,21.9
1559,7.5R,6,12,0.497,0.323,20.7
1560,7.5R,6,14,0.526,0.321,19.7
1561,7.5R,6,16,0.557,0.32,18.5
1562,7.5R,6,18,0.585,0.318,17.8
1563,10R,6,2,0.34,0.325,28.6
1564,10R,6,4,0.373,0.332,26.8
1565,10R,6,6,0.409,0.34,25.0
1566,10R,6,8,0.442,0.344,23.6
1567,10R,6,10,0.475,0.347,22.4
1568,10R,6,12,0.506,0.349,21.2
1569,10R,6,14,0.537,0.349,20.2
1570,10R,6,16,0.563,0.35,19.1
1571,10R,6,18,0.597,0.35,18.3
1572,2.5YR,6,0,0.31,0.316,30.0
1573,2.5YR,6,2,0.339,0.328,28.9
1574,2.5YR,6,4,0.373,0.34,27.3
1575,2.5YR,6,6,0.412,0.353,25.7
1576,2.5YR,6,8,0.446,0.362,24.2
1577,2.5YR,6,10,0.48,0.37,22.9
1578,2.5YR,6,12,0.511,0.376,21.9
1579,2.5YR,6,14,0.543,0.382,21.0
1580,2.5YR,6,16,0.578,0.389,20.0
1581,2.5YR,6,18,0.61,0.395,19.1
1582,5YR,6,2,0.338,0.332,29.2
1583,5YR,6,4,0.372,0.349,27.6
1584,5YR,6,6,0.412,0.369,26.1
1585,5YR,6,8,0.447,0.383,24.8
1586,5YR,6,10,0.48,0.396,23.9
1587,5YR,6,12,0.513,0.407,22.8
1588,5YR,6,14,0.547,0.417,21.8
1589,5YR,6,16,0.581,0.427,20.9
1590,7.5YR,6,2,0.337,0.334,29.2
1591,7.5YR,6,4,0.37,0.356,27.8
1592,7.5YR,6,6,0.411,0.382,26.6
1593,7.5YR,6,8,0.445,0.4,25.5
1594,7.5YR,6,10,0.478,0.416,24.4
1595,7.5YR,6,12,0.512,0.432,23.5
1596,7.5YR,6,14,0.545,0.448,22.6
1597,10YR,6,2,0.336,0.337,29.2
1598,10YR,6,4,0.367,0.363,28.1
1599,10YR,6,6,0.407,0.393,26.8
1600,10YR,6,8,0.44,0.416,25.7
1601,10YR,6,10,0.472,0.437,24.8
1602,10YR,6,12,0.506,0.46,24.0
1603,10YR,6,14,0.539,0.481,23.3
1604,2.5Y,6,0,0.31,0.316,30.0
1605,2.5Y,6,2,0.333,0.34,29.2
1606,2.5Y,6,4,0.363,0.369,28.1
1607,2.5Y,6,6,0.402,0.404,26.8
1608,2.5Y,6,8,0.434,0.429,25.9
1609,2.5Y,6,10,0.465,0.453,25.2
1610,2.5Y,6,12,0.499,0.479,24.2
1611,2.5Y,6,14,0.531,0.503,23.5
1612,5Y,6,2,0.332,0.341,29.2
1613,5Y,6,4,0.359,0.373,28.1
1614,5Y,6,6,0.396,0.412,26.8
1615,5Y,6,8,0.426,0.441,25.9
1616,5Y,6,10,0.456,0.469,25.2
1617,5Y,6,12,0.487,0.498,24.4
1618,5Y,6,14,0.518,0.526,23.6
1619,7.5Y,6,2,0.329,0.342,29.2
1620,7.5Y,6,4,0.356,0.376,28.1
1621,7.5Y,6,6,0.389,0.418,26.8
1622,7.5Y,6,8,0.416,0.451,25.9
1623,7.5Y,6,10,0.443,0.484,25.2
1624,7.5Y,6,12,0.47,0.516,24.4
1625,7.5Y,6,14,0.498,0.547,23.6
1626,10Y,6,2,0.327,0.343,29.2
1627,10Y,6,4,0.35,0.379,28.1
1628,10Y,6,6,0.38,0.425,26.8
1629,10Y,6,8,0.402,0.46,25.9
1630,10Y,6,10,0.426,0.495,25.2
1631,10Y,6,12,0.449,0.53,24.4
1632,10Y,6,14,0.472,0.565,23.6
1633,2.5GY,6,0,0.31,0.316,30.0
1634,2.5GY,6,2,0.324,0.344,29.2
1635,2.5GY,6,4,0.343,0.381,28.1
1636,2.5GY,6,6,0.367,0.429,26.8
1637,2.5GY,6,8,0.384,0.467,25.7
1638,2.5GY,6,10,0.402,0.503,24.8
1639,2.5GY,6,12,0.418,0.539,24.0
1640,2.5GY,6,14,0.435,0.576,23.3
1641,5GY,6,2,0.32,0.344,29.2
1642,5GY,6,4,0.334,0.382,27.8
1643,5GY,6,6,0.351,0.43,26.6
1644,5GY,6,8,0.362,0.468,25.5
1645,5GY,6,10,0.373,0.504,24.6
1646,5GY,6,12,0.383,0.541,23.6
1647,5GY,6,14,0.392,0.578,22.8
1648,5GY,6,16,0.398,0.613,21.9
1649,7.5GY,6,2,0.315,0.344,28.9
1650,7.5GY,6,4,0.322,0.38,27.6
1651,7.5GY,6,6,0.33,0.427,26.1
1652,7.5GY,6,8,0.334,0.463,25.0
1653,7.5GY,6,10,0.338,0.497,24.2
1654,7.5GY,6,12,0.342,0.532,23.1
1655,7.5GY,6,14,0.344,0.566,22.3
1656,7.5GY,6,16,0.345,0.6,21.5
1657,7.5GY,6,18,0.344,0.63,20.7
1658,7.5GY,6,20,0.343,0.662,20.0
1659,10GY,6,2,0.311,0.343,28.9
1660,10GY,6,4,0.31,0.376,27.3
1661,10GY,6,6,0.308,0.419,25.7
1662,10GY,6,8,0.306,0.452,24.6
1663,10GY,6,10,0.304,0.482,23.6
1664,10GY,6,12,0.301,0.512,22.8
1665,10GY,6,14,0.297,0.542,21.9
1666,10GY,6,16,0.291,0.572,21.0
1667,10GY,6,18,0.285,0.6,20.3
1668,10GY,6,20,0.277,0.629,19.5
1669,10GY,6,22,0.268,0.656,18.9
1670,10GY,6,24,0.258,0.687,18.1
1671,10GY,6,26,0.247,0.714,17.5
1672,10GY,6,28,0.236,0.739,17.0
1673,2.5G,6,0,0.31,0.316,30.0
1674,2.5G,6,2,0.305,0.341,28.6
1675,2.5G,6,4,0.298,0.369,27.3
1676,2.5G,6,6,0.286,0.404,25.5
1677,2.5G,6,8,0.276,0.431,24.2
1678,2.5G,6,10,0.266,0.457,23.1
1679,2.5G,6,12,0.256,0.481,22.3
1680,2.5G,6,14,0.244,0.508,21.2
1681,2.5G,6,16,0.231,0.532,20.3
1682,2.5G,6,18,0.219,0.555,19.5
1683,2.5G,6,20,0.205,0.58,18.8
1684,2.5G,6,22,0.191,0.602,18.0
1685,2.5G,6,24,0.176,0.626,17.4
1686,2.5G,6,26,0.162,0.648,16.8
1687,2.5G,6,28,0.146,0.672,16.2
1688,2.5G,6,30,0.132,0.694,15.7
1689,2.5G,6,32,0.116,0.711,15.2
1690,5G,6,2,0.301,0.337,28.6
1691,5G,6,4,0.288,0.36,27.1
1692,5G,6,6,0.27,0.388,25.2
1693,5G,6,8,0.254,0.411,23.9
1694,5G,6,10,0.237,0.432,22.8
1695,5G,6,12,0.221,0.451,21.8
1696,5G,6,14,0.202,0.471,20.6
1697,5G,6,16,0.184,0.49,19.7
1698,5G,6,18,0.166,0.508,18.9
1699,5G,6,20,0.147,0.527,18.1
1700,5G,6,22,0.127,0.545,17.4
1701,5G,6,24,0.108,0.563,16.7
1702,5G,6,26,0.088,0.581,16.1
1703,7.5G,6,2,0.297,0.333,28.6
1704,7.5G,6,4,0.28,0.353,26.8
1705,7.5G,6,6,0.258,0.374,25.0
1706,7.5G,6,8,0.239,0.393,23.6
1707,7.5G,6,10,0.219,0.41,22.4
1708,7.5G,6,12,0.2,0.426,21.5
1709,7.5G,6,14,0.18,0.442,20.3
1710,7.5G,6,16,0.159,0.458,19.4
1711,7.5G,6,18,0.139,0.472,18.7
1712,7.5G,6,20,0.177,0.488,17.9
1713,7.5G,6,22,0.098,0.503,17.2
1714,7.5G,6,24,0.077,0.517,16.5
1715,10G,6,2,0.293,0.329,28.3
1716,10G,6,4,0.272,0.343,26.6
1717,10G,6,6,0.247,0.358,24.8
1718,10G,6,8,0.225,0.372,23.5
1719,10G,6,10,0.203,0.384,22.1
1720,10G,6,12,0.181,0.396,21.2
1721,10G,6,14,0.156,0.409,19.9
1722,10G,6,16,0.135,0.42,19.1
1723,10G,6,18,0.113,0.431,18.3
1724,10G,6,20,0.09,0.442,17.5
1725,2.5BG,6,0,0.31,0.316,30.0
1726,2.5BG,6,2,0.289,0.324,28.1
1727,2.5BG,6,4,0.265,0.332,26.4
1728,2.5BG,6,6,0.238,0.34,24.6
1729,2.5BG,6,8,0.213,0.346,23.1
1730,2.5BG,6,10,0.188,0.351,21.9
1731,2.5BG,6,12,0.163,0.356,20.7
1732,2.5BG,6,14,0.137,0.361,19.7
1733,2.5BG,6,16,0.111,0.364,18.7
1734,2.5BG,6,18,0.087,0.369,17.8
1735,5BG,6,2,0.287,0.318,28.1
1736,5BG,6,4,0.261,0.319,26.1
1737,5BG,6,6,0.233,0.32,24.4
1738,5BG,6,8,0.207,0.322,22.9
1739,5BG,6,10,0.182,0.322,21.8
1740,5BG,6,12,0.156,0.321,20.4
1741,5BG,6,14,0.13,0.32,19.4
1742,5BG,6,16,0.105,0.319,18.5
1743,7.5BG,6,2,0.286,0.314,27.8
1744,7.5BG,6,4,0.259,0.309,25.9
1745,7.5BG,6,6,0.232,0.305,24.2
1746,7.5BG,6,8,0.206,0.298,22.8
1747,7.5BG,6,10,0.181,0.291,21.6
1748,7.5BG,6,12,0.157,0.284,20.4
1749,7.5BG,6,14,0.134,0.277,19.4
1750,7.5BG,6,16,0.111,0.27,18.5
1751,10BG,6,2,0.286,0.31,27.8
1752,10BG,6,4,0.26,0.302,25.9
1753,10BG,6,6,0.234,0.292,24.2
1754,10BG,6,8,0.209,0.283,22.8
1755,10BG,6,10,0.186,0.271,21.5
1756,10BG,6,12,0.166,0.261,20.4
1757,10BG,6,14,0.145,0.249,19.5
1758,10BG,6,16,0.127,0.237,18.8
1759,2.5B,6,0,0.31,0.316,30.0
1760,2.5B,6,2,0.286,0.306,27.8
1761,2.5B,6,4,0.262,0.295,25.7
1762,2.5B,6,6,0.238,0.283,24.0
1763,2.5B,6,8,0.217,0.269,22.8
1764,2.5B,6,10,0.198,0.256,21.6
1765,2.5B,6,12,0.18,0.243,20.6
1766,2.5B,6,14,0.162,0.229,19.7
1767,2.5B,6,16,0.145,0.216,18.9
1768,2.5B,6,18,0.129,0.203,18.2
1769,5B,6,2,0.287,0.303,27.8
1770,5B,6,4,0.264,0.288,25.7
1771,5B,6,6,0.243,0.275,24.0
1772,5B,6,8,0.224,0.25,22.8
1773,5B,6,10,0.208,0.247,21.8
1774,5B,6,12,0.191,0.232,20.7
1775,5B,6,14,0.175,0.217,19.8
1776,5B,6,16,0.158,0.203,18.9
1777,5B,6,18,0.133,0.189,18.2
1778,7.5B,6,2,0.288,0.301,27.8
1779,7.5B,6,4,0.267,0.284,25.7
1780,7.5B,6,6,0.248,0.269,24.0
1781,7.5B,6,8,0.231,0.254,22.8
1782,7.5B,6,10,0.216,0.239,21.8
1783,7.5B,6,12,0.2,0.214,20.7
1784,7.5B,6,14,0.185,0.209,19.9
1785,7.5B,6,16,0.17,0.194,18.9
1786,7.5B,6,18,0.156,0.179,18.2
1787,10B,6,2,0.29,0.299,27.6
1788,10B,6,4,0.274,0.278,25.7
1789,10B,6,6,0.253,0.264,24.0
1790,10B,6,8,0.237,0.248,22.8
1791,10B,6,10,0.223,0.234,21.8
1792,10B,6,12,0.208,0.219,20.7
1793,10B,6,14,0.194,0.204,19.9
1794,10B,6,16,0.178,0.188,18.9
1795,10B,6,18,0.165,0.174,18.2
1796,2.5PB,6,0,0.31,0.316,30.0
1797,2.5PB,6,2,0.291,0.297,27.6
1798,2.5PB,6,4,0.278,0.275,25.5
1799,2.5PB,6,6,0.257,0.26,24.0
1800,2.5PB,6,8,0.243,0.245,22.8
1801,2.5PB,6,10,0.229,0.229,21.8
1802,2.5PB,6,12,0.216,0.214,20.7
1803,2.5PB,6,14,0.202,0.199,19.9
1804,2.5PB,6,16,0.188,0.188,18.9
1805,2.5PB,6,18,0.175,0.168,18.2
1806,5PB,6,2,0.293,0.294,27.6
1807,5PB,6,6,0.264,0.256,24.0
1808,5PB,6,8,0.252,0.24,22.8
1809,5PB,6,10,0.24,0.224,21.8
1810,5PB,6,12,0.228,0.209,20.7
1811,5PB,6,14,0.217,0.193,19.8
1812,5PB,6,16,0.204,0.176,18.9
1813,5PB,6,18,0.193,0.162,18.3
1814,7.5PB,6,2,0.296,0.293,27.6
1815,7.5PB,6,4,0.283,0.272,25.5
1816,7.5PB,6,6,0.272,0.253,24.0
1817,7.5PB,6,8,0.26,0.236,22.6
1818,7.5PB,6,10,0.25,0.22,21.6
1819,7.5PB,6,12,0.241,0.204,20.7
1820,7.5PB,6,14,0.231,0.188,19.8
1821,7.5PB,6,16,0.221,0.17,18.9
1822,7.5PB,6,18,0.213,0.156,18.3
1823,10PB,6,2,0.298,0.292,27.6
1824,10PB,6,4,0.288,0.27,25.5
1825,10PB,6,6,0.278,0.251,23.9
1826,10PB,6,8,0.269,0.233,22.6
1827,10PB,6,10,0.261,0.217,21.6
1828,10PB,6,12,0.252,0.201,20.6
1829,10PB,6,14,0.245,0.185,19.8
1830,10PB,6,16,0.236,0.167,18.9
1831,10PB,6,18,0.229,0.153,18.3
1832,2.5P,6,0,0.31,0.316,30.0
1833,2.5P,6,2,0.301,0.292,27.3
1834,2.5P,6,4,0.292,0.269,25.2
1835,2.5P,6,6,0.284,0.249,23.9
1836,2.5P,6,8,0.277,0.231,22.6
1837,2.5P,6,10,0.272,0.215,21.5
1838,2.5P,6,12,0.266,0.199,20.6
1839,2.5P,6,14,0.261,0.183,19.8
1840,2.5P,6,16,0.255,0.165,18.9
1841,2.5P,6,18,0.25,0.15,18.3
1842,5P,6,2,0.303,0.292,27.3
1843,5P,6,4,0.297,0.269,25.2
1844,5P,6,6,0.292,0.248,23.9
1845,5P,6,8,0.287,0.23,22.4
1846,5P,6,10,0.283,0.215,21.5
1847,5P,6,12,0.279,0.198,20.4
1848,5P,6,14,0.275,0.182,19.7
1849,5P,6,16,0.271,0.166,18.8
1850,7.5P,6,2,0.307,0.292,27.3
1851,7.5P,6,4,0.305,0.269,25.2
1852,7.5P,6,6,0.302,0.249,23.6
1853,7.5P,6,8,0.301,0.231,22.4
1854,7.5P,6,10,0.299,0.216,21.3
1855,7.5P,6,12,0.297,0.197,20.3
1856,7.5P,6,14,0.295,0.183,19.7
1857,7.5P,6,16,0.292,0.165,18.7
1858,7.5P,6,18,0.29,0.149,18.0
1859,10P,6,2,0.313,0.293,27.3
1860,10P,6,4,0.314,0.27,25.2
1861,10P,6,6,0.317,0.251,23.6
1862,10P,6,8,0.317,0.238,22.3
1863,10P,6,10,0.318,0.217,21.3
1864,10P,6,12,0.319,0.2,20.2
1865,10P,6,14,0.32,0.185,19.4
1866,10P,6,16,0.321,0.168,18.4
1867,10P,6,18,0.322,0.15,17.7
1868,2.5RP,6,0,0.31,0.316,30.0
1869,2.5RP,6,2,0.317,0.294,27.3
1870,2.5RP,6,4,0.324,0.274,25.2
1871,2.5RP,6,6,0.329,0.255,23.6
1872,2.5RP,6,8,0.334,0.238,22.3
1873,2.5RP,6,10,0.338,0.222,21.2
1874,2.5RP,6,12,0.342,0.206,20.0
1875,2.5RP,6,14,0.347,0.189,19.0
1876,2.5RP,6,16,0.35,0.174,18.3
1877,2.5RP,6,18,0.354,0.157,17.5
1878,5RP,6,2,0.322,0.297,27.6
1879,5RP,6,4,0.334,0.279,25.2
1880,5RP,6,6,0.344,0.262,23.6
1881,5RP,6,8,0.353,0.245,22.3
1882,5RP,6,10,0.361,0.231,21.2
1883,5RP,6,12,0.37,0.217,20.0
1884,5RP,6,14,0.379,0.199,18.9
1885,5RP,6,16,0.385,0.187,18.2
1886,5RP,6,18,0.393,0.172,17.4
1887,7.5RP,6,2,0.328,0.301,27.6
1888,7.5RP,6,4,0.345,0.286,25.5
1889,7.5RP,6,6,0.362,0.272,23.6
1890,7.5RP,6,8,0.377,0.258,22.3
1891,7.5RP,6,10,0.39,0.246,21.0
1892,7.5RP,6,12,0.404,0.233,20.0
1893,7.5RP,6,14,0.418,0.22,19.0
1894,7.5RP,6,16,0.43,0.208,18.2
1895,7.5RP,6,18,0.442,0.196,17.4
1896,10RP,6,2,0.333,0.307,27.8
1897,10RP,6,4,0.356,0.296,25.7
1898,10RP,6,6,0.379,0.286,23.9
1899,10RP,6,8,0.4,0.276,22.3
1900,10RP,6,10,0.42,0.265,21.0
1901,10RP,6,12,0.44,0.255,20.0
1902,10RP,6,14,0.459,0.246,19.0
1903,10RP,6,16,0.478,0.235,18.1
1904,2.5R,7,0,0.31,0.316,43.0
1905,2.5R,7,2,0.333,0.313,40.3
1906,2.5R,7,4,0.357,0.309,37.8
1907,2.5R,7,6,0.382,0.303,35.3
1908,2.5R,7,8,0.407,0.298,33.1
1909,2.5R,7,10,0.431,0.293,31.4
1910,2.5R,7,12,0.456,0.287,29.7
1911,2.5R,7,14,0.479,0.282,28.2
1912,5R,7,2,0.334,0.316,40.6
1913,5R,7,4,0.361,0.315,38.1
1914,5R,7,6,0.389,0.315,35.6
1915,5R,7,8,0.418,0.313,33.6
1916,5R,7,10,0.443,0.312,31.9
1917,5R,7,12,0.47,0.31,30.1
1918,5R,7,14,0.499,0.306,28.5
1919,7.5R,7,2,0.335,0.32,41.0
1920,7.5R,7,4,0.364,0.324,38.5
1921,7.5R,7,6,0.395,0.327,36.2
1922,7.5R,7,8,0.425,0.329,34.2
1923,7.5R,7,10,0.452,0.33,32.6
1924,7.5R,7,12,0.479,0.33,30.7
1925,7.5R,7,14,0.509,0.329,29.3
1926,7.5R,7,16,0.536,0.328,27.9
1927,10R,7,2,0.336,0.324,41.0
1928,10R,7,4,0.365,0.331,39.1
1929,10R,7,6,0.398,0.338,36.8
1930,10R,7,8,0.428,0.344,34.7
1931,10R,7,10,0.457,0.349,33.1
1932,10R,7,12,0.485,0.352,31.6
1933,10R,7,14,0.516,0.355,29.9
1934,10R,7,16,0.543,0.357,28.7
1935,2.5YR,7,0,0.31,0.316,43.0
1936,2.5YR,7,2,0.336,0.327,41.4
1937,2.5YR,7,4,0.365,0.338,39.5
1938,2.5YR,7,6,0.4,0.351,37.5
1939,2.5YR,7,8,0.429,0.36,35.9
1940,2.5YR,7,10,0.461,0.369,34.2
1941,2.5YR,7,12,0.488,0.377,32.6
1942,2.5YR,7,14,0.519,0.385,31.4
1943,2.5YR,7,16,0.549,0.392,30.1
1944,2.5YR,7,18,0.578,0.398,29.1
1945,5YR,7,2,0.335,0.33,41.8
1946,5YR,7,4,0.364,0.346,39.9
1947,5YR,7,6,0.399,0.364,38.1
1948,5YR,7,8,0.428,0.378,36.8
1949,5YR,7,10,0.46,0.392,35.3
1950,5YR,7,12,0.488,0.404,33.9
1951,5YR,7,14,0.517,0.416,32.6
1952,5YR,7,16,0.547,0.427,31.4
1953,5YR,7,18,0.578,0.436,30.3
1954,7.5YR,7,2,0.334,0.333,41.8
1955,7.5YR,7,4,0.362,0.352,40.3
1956,7.5YR,7,6,0.396,0.375,38.8
1957,7.5YR,7,8,0.425,0.393,37.5
1958,7.5YR,7,10,0.456,0.411,36.2
1959,7.5YR,7,12,0.484,0.426,35.0
1960,7.5YR,7,14,0.513,0.441,33.6
1961,7.5YR,7,16,0.542,0.455,32.6
1962,10YR,7,2,0.333,0.335,41.8
1963,10YR,7,4,0.359,0.357,40.6
1964,10YR,7,6,0.393,0.384,38.8
1965,10YR,7,8,0.421,0.405,37.8
1966,10YR,7,10,0.449,0.426,36.5
1967,10YR,7,12,0.477,0.445,35.6
1968,10YR,7,14,0.506,0.465,34.4
1969,10YR,7,16,0.535,0.482,33.4
1970,2.5Y,7,0,0.31,0.316,43.0
1971,2.5Y,7,2,0.331,0.337,41.8
1972,2.5Y,7,4,0.356,0.362,40.6
1973,2.5Y,7,6,0.388,0.392,39.1
1974,2.5Y,7,8,0.415,0.416,38.1
1975,2.5Y,7,10,0.443,0.439,36.8
1976,2.5Y,7,12,0.469,0.46,35.9
1977,2.5Y,7,14,0.498,0.482,34.7
1978,5Y,7,2,0.329,0.338,41.8
1979,5Y,7,4,0.352,0.365,40.6
1980,5Y,7,6,0.383,0.399,39.1
1981,5Y,7,8,0.407,0.426,38.1
1982,5Y,7,10,0.433,0.452,36.8
1983,5Y,7,12,0.459,0.476,35.9
1984,5Y,7,14,0.486,0.501,35.0
1985,7.5Y,7,2,0.327,0.339,41.8
1986,7.5Y,7,4,0.349,0.368,40.6
1987,7.5Y,7,6,0.373,0.404,39.1
1988,7.5Y,7,8,0.4,0.433,38.1
1989,7.5Y,7,10,0.422,0.462,36.8
1990,7.5Y,7,12,0.445,0.49,35.9
1991,7.5Y,7,14,0.469,0.518,35.0
1992,10Y,7,2,0.325,0.341,41.8
1993,10Y,7,4,0.345,0.37,40.6
1994,10Y,7,6,0.37,0.41,39.1
1995,10Y,7,8,0.389,0.439,38.1
1996,10Y,7,10,0.409,0.47,36.8
1997,10Y,7,12,0.428,0.5,35.9
1998,10Y,7,14,0.448,0.53,35.0
1999,2.5GY,7,0,0.31,0.316,43.0
2000,2.5GY,7,2,0.323,0.341,41.8
2001,2.5GY,7,4,0.339,0.372,40.6
2002,2.5GY,7,6,0.359,0.413,38.8
2003,2.5GY,7,8,0.375,0.444,37.8
2004,2.5GY,7,10,0.39,0.476,36.5
2005,2.5GY,7,12,0.404,0.506,35.6
2006,2.5GY,7,14,0.419,0.537,34.7
2007,2.5GY,7,16,0.432,0.568,33.6
2008,5GY,7,2,0.32,0.342,41.8
2009,5GY,7,4,0.331,0.373,40.3
2010,5GY,7,6,0.346,0.414,38.8
2011,5GY,7,8,0.357,0.446,37.5
2012,5GY,7,10,0.368,0.478,36.2
2013,5GY,7,12,0.377,0.507,35.0
2014,5GY,7,14,0.386,0.538,34.2
2015,5GY,7,16,0.393,0.567,33.1
2016,5GY,7,18,0.4,0.598,32.1
2017,7.5GY,7,2,0.316,0.342,41.8
2018,7.5GY,7,4,0.321,0.372,40.3
2019,7.5GY,7,6,0.329,0.412,38.1
2020,7.5GY,7,8,0.333,0.443,36.8
2021,7.5GY,7,10,0.337,0.473,35.6
2022,7.5GY,7,12,0.341,0.503,34.4
2023,7.5GY,7,14,0.343,0.531,33.1
2024,7.5GY,7,16,0.346,0.561,32.1
2025,7.5GY,7,18,0.347,0.589,31.2
2026,7.5GY,7,20,0.347,0.618,30.3
2027,7.5GY,7,22,0.347,0.646,29.3
2028,10GY,7,2,0.311,0.34,41.1
2029,10GY,7,4,0.311,0.369,39.9
2030,10GY,7,6,0.31,0.406,37.8
2031,10GY,7,8,0.309,0.433,36.2
2032,10GY,7,10,0.308,0.462,35.0
2033,10GY,7,12,0.305,0.491,33.6
2034,10GY,7,14,0.303,0.518,32.4
2035,10GY,7,16,0.299,0.546,31.4
2036,10GY,7,18,0.294,0.572,30.3
2037,10GY,7,20,0.289,0.598,29.3
2038,10GY,7,22,0.283,0.623,28.3
2039,10GY,7,24,0.277,0.647,27.4
2040,10GY,7,26,0.27,0.673,26.6
2041,10GY,7,28,0.262,0.697,25.8
2042,10GY,7,30,0.253,0.721,25.0
2043,10GY,7,32,0.244,0.743,24.3
2044,2.5G,7,0,0.31,0.316,43.0
2045,2.5G,7,2,0.306,0.338,41.4
2046,2.5G,7,4,0.3,0.363,39.5
2047,2.5G,7,6,0.292,0.394,37.5
2048,2.5G,7,8,0.284,0.417,35.9
2049,2.5G,7,10,0.281,0.441,34.4
2050,2.5G,7,12,0.268,0.464,32.9
2051,2.5G,7,14,0.259,0.486,31.9
2052,2.5G,7,16,0.249,0.51,30.5
2053,2.5G,7,18,0.24,0.53,29.7
2054,2.5G,7,20,0.239,0.551,28.5
2055,2.5G,7,22,0.219,0.571,27.6
2056,2.5G,7,24,0.207,0.592,26.7
2057,2.5G,7,26,0.196,0.611,25.8
2058,2.5G,7,28,0.184,0.631,25.0
2059,2.5G,7,30,0.173,0.649,24.3
2060,2.5G,7,32,0.161,0.667,23.6
2061,2.5G,7,34,0.148,0.686,23.0
2062,5G,7,2,0.301,0.335,41.4
2063,5G,7,4,0.29,0.355,39.5
2064,5G,7,6,0.281,0.38,37.1
2065,5G,7,8,0.264,0.4,35.3
2066,5G,7,10,0.251,0.417,33.9
2067,5G,7,12,0.239,0.434,32.4
2068,5G,7,14,0.225,0.452,31.2
2069,5G,7,16,0.212,0.468,30.1
2070,5G,7,18,0.198,0.485,29.1
2071,5G,7,20,0.173,0.502,27.9
2072,5G,7,22,0.168,0.518,26.9
2073,5G,7,24,0.154,0.532,26.1
2074,5G,7,26,0.138,0.547,25.2
2075,5G,7,28,0.124,0.559,24.6
2076,7.5G,7,2,0.298,0.332,41.0
2077,7.5G,7,4,0.288,0.348,39.5
2078,7.5G,7,6,0.266,0.368,36.8
2079,7.5G,7,8,0.25,0.384,35.0
2080,7.5G,7,10,0.235,0.399,33.4
2081,7.5G,7,12,0.22,0.413,32.1
2082,7.5G,7,14,0.203,0.429,30.7
2083,7.5G,7,16,0.189,0.442,29.7
2084,7.5G,7,18,0.174,0.457,28.5
2085,7.5G,7,20,0.157,0.471,27.4
2086,7.5G,7,22,0.14,0.485,26.6
2087,7.5G,7,24,0.126,0.498,25.6
2088,10G,7,2,0.294,0.328,41.0
2089,10G,7,4,0.277,0.341,38.8
2090,10G,7,6,0.256,0.355,36.5
2091,10G,7,8,0.237,0.366,34.7
2092,10G,7,10,0.218,0.378,32.9
2093,10G,7,12,0.2,0.389,31.4
2094,10G,7,14,0.181,0.4,30.1
2095,10G,7,16,0.164,0.41,29.1
2096,10G,7,18,0.146,0.42,27.9
2097,10G,7,20,0.126,0.429,26.9
2098,2.5BG,7,0,0.31,0.316,43.0
2099,2.5BG,7,2,0.291,0.324,40.6
2100,2.5BG,7,4,0.271,0.331,38.5
2101,2.5BG,7,6,0.247,0.339,36.2
2102,2.5BG,7,8,0.226,0.346,34.2
2103,2.5BG,7,10,0.204,0.353,32.4
2104,2.5BG,7,12,0.184,0.358,31.0
2105,2.5BG,7,14,0.161,0.364,29.5
2106,2.5BG,7,16,0.141,0.369,28.3
2107,5BG,7,2,0.289,0.319,40.3
2108,5BG,7,4,0.267,0.321,38.1
2109,5BG,7,6,0.242,0.323,35.9
2110,5BG,7,8,0.218,0.325,33.6
2111,5BG,7,10,0.195,0.326,31.9
2112,5BG,7,12,0.175,0.327,30.5
2113,5BG,7,14,0.152,0.328,29.1
2114,5BG,7,16,0.129,0.328,27.8
2115,7.5BG,7,2,0.288,0.314,40.3
2116,7.5BG,7,4,0.265,0.312,38.1
2117,7.5BG,7,6,0.241,0.308,35.6
2118,7.5BG,7,8,0.217,0.305,33.6
2119,7.5BG,7,10,0.193,0.3,31.6
2120,7.5BG,7,12,0.172,0.297,30.3
2121,7.5BG,7,14,0.152,0.292,29.1
2122,7.5BG,7,16,0.129,0.287,27.6
2123,10BG,7,2,0.288,0.311,40.3
2124,10BG,7,4,0.265,0.305,37.8
2125,10BG,7,6,0.242,0.297,35.3
2126,10BG,7,8,0.219,0.29,33.4
2127,10BG,7,10,0.196,0.282,31.6
2128,10BG,7,12,0.177,0.274,30.3
2129,10BG,7,14,0.158,0.266,29.1
2130,10BG,7,16,0.136,0.257,27.6
2131,2.5B,7,0,0.31,0.316,43.0
2132,2.5B,7,2,0.288,0.307,40.3
2133,2.5B,7,4,0.267,0.298,37.8
2134,2.5B,7,6,0.245,0.288,35.3
2135,2.5B,7,8,0.225,0.277,33.4
2136,2.5B,7,10,0.204,0.265,31.9
2137,2.5B,7,12,0.187,0.255,30.3
2138,2.5B,7,14,0.169,0.244,29.1
2139,2.5B,7,16,0.149,0.231,27.8
2140,5B,7,2,0.289,0.305,39.9
2141,5B,7,4,0.269,0.293,37.5
2142,5B,7,6,0.249,0.28,35.3
2143,5B,7,8,0.231,0.267,33.4
2144,5B,7,10,0.213,0.255,31.9
2145,5B,7,12,0.198,0.243,30.5
2146,5B,7,14,0.181,0.23,29.3
2147,5B,7,16,0.164,0.216,27.9
2148,7.5B,7,2,0.291,0.303,39.9
2149,7.5B,7,4,0.271,0.288,37.5
2150,7.5B,7,6,0.254,0.274,35.3
2151,7.5B,7,8,0.236,0.26,33.4
2152,7.5B,7,10,0.221,0.247,31.9
2153,7.5B,7,12,0.208,0.235,30.5
2154,7.5B,7,14,0.192,0.22,29.3
2155,7.5B,7,16,0.177,0.206,27.9
2156,10B,7,2,0.292,0.301,39.9
2157,10B,7,4,0.274,0.284,37.1
2158,10B,7,6,0.258,0.269,35.3
2159,10B,7,8,0.242,0.255,33.4
2160,10B,7,10,0.238,0.242,31.9
2161,10B,7,12,0.215,0.229,30.5
2162,10B,7,14,0.201,0.214,29.3
2163,2.5PB,7,0,0.31,0.316,43.0
2164,2.5PB,7,2,0.294,0.299,39.9
2165,2.5PB,7,4,0.277,0.282,37.1
2166,2.5PB,7,6,0.262,0.266,35.3
2167,2.5PB,7,8,0.248,0.251,33.4
2168,2.5PB,7,10,0.235,0.237,31.9
2169,2.5PB,7,12,0.223,0.224,30.5
2170,2.5PB,7,14,0.21,0.209,29.3
2171,5PB,7,2,0.296,0.298,39.9
2172,5PB,7,4,0.281,0.279,37.1
2173,5PB,7,6,0.268,0.262,35.0
2174,5PB,7,8,0.256,0.247,33.1
2175,5PB,7,10,0.245,0.232,31.9
2176,5PB,7,12,0.234,0.218,30.5
2177,5PB,7,14,0.222,0.202,29.1
2178,7.5PB,7,2,0.298,0.297,39.9
2179,7.5PB,7,4,0.285,0.277,37.1
2180,7.5PB,7,6,0.274,0.259,35.0
2181,7.5PB,7,8,0.263,0.243,33.1
2182,7.5PB,7,10,0.254,0.228,31.6
2183,7.5PB,7,12,0.245,0.214,30.5
2184,7.5PB,7,14,0.234,0.197,29.1
2185,10PB,7,2,0.3,0.296,39.9
2186,10PB,7,4,0.29,0.276,36.8
2187,10PB,7,6,0.28,0.257,35.0
2188,10PB,7,8,0.272,0.241,33.1
2189,10PB,7,10,0.264,0.225,31.6
2190,10PB,7,12,0.257,0.211,30.3
2191,10PB,7,14,0.248,0.192,28.9
2192,2.5P,7,0,0.31,0.316,43.0
2193,2.5P,7,2,0.302,0.295,39.9
2194,2.5P,7,4,0.294,0.275,36.8
2195,2.5P,7,6,0.286,0.256,34.7
2196,2.5P,7,8,0.279,0.239,32.9
2197,2.5P,7,10,0.273,0.223,31.4
2198,2.5P,7,12,0.268,0.209,30.3
2199,2.5P,7,14,0.261,0.191,28.7
2200,5P,7,2,0.304,0.295,39.9
2201,5P,7,4,0.298,0.275,36.8
2202,5P,7,6,0.292,0.255,34.7
2203,5P,7,8,0.289,0.238,32.9
2204,5P,7,10,0.283,0.222,31.4
2205,5P,7,12,0.279,0.208,30.1
2206,5P,7,14,0.274,0.189,28.7
2207,7.5P,7,2,0.308,0.295,39.5
2208,7.5P,7,4,0.306,0.275,36.8
2209,7.5P,7,6,0.304,0.255,34.4
2210,7.5P,7,8,0.302,0.238,32.6
2211,7.5P,7,10,0.3,0.222,31.2
2212,7.5P,7,12,0.299,0.208,29.9
2213,7.5P,7,14,0.298,0.189,28.3
2214,10P,7,2,0.313,0.296,39.5
2215,10P,7,4,0.315,0.276,36.8
2216,10P,7,6,0.316,0.257,34.4
2217,10P,7,8,0.318,0.24,32.6
2218,10P,7,10,0.319,0.226,31.2
2219,10P,7,12,0.321,0.211,29.7
2220,10P,7,14,0.322,0.193,28.2
2221,10P,7,16,0.323,0.18,27.3
2222,2.5RP,7,0,0.31,0.316,43.0
2223,2.5RP,7,2,0.317,0.298,39.5
2224,2.5RP,7,4,0.324,0.279,36.8
2225,2.5RP,7,6,0.33,0.262,34.4
2226,2.5RP,7,8,0.335,0.246,32.6
2227,2.5RP,7,10,0.34,0.231,31.0
2228,2.5RP,7,12,0.344,0.216,29.5
2229,2.5RP,7,14,0.349,0.201,28.2
2230,2.5RP,7,16,0.353,0.187,26.9
2231,7.5RP,7,2,0.326,0.304,39.9
2232,7.5RP,7,4,0.342,0.29,36.8
2233,7.5RP,7,6,0.357,0.277,34.4
2234,7.5RP,7,8,0.373,0.265,32.6
2235,7.5RP,7,10,0.386,0.254,31.0
2236,7.5RP,7,12,0.401,0.241,29.3
2237,7.5RP,7,14,0.415,0.229,27.9
2238,10RP,7,2,0.33,0.308,39.9
2239,10RP,7,4,0.351,0.299,37.1
2240,10RP,7,6,0.372,0.291,34.7
2241,10RP,7,8,0.393,0.282,32.9
2242,10RP,7,10,0.413,0.273,31.0
2243,10RP,7,12,0.433,0.264,29.5
2244,10RP,7,14,0.453,0.255,28.2
2245,2.5R,8,0,0.31,0.316,59.1
2246,2.5R,8,2,0.33,0.313,55.7
2247,2.5R,8,4,0.353,0.31,52.3
2248,2.5R,8,6,0.375,0.306,49.6
2249,2.5R,8,8,0.398,0.302,46.9
2250,2.5R,8,10,0.419,0.297,44.4
2251,5R,8,2,0.332,0.316,56.3
2252,5R,8,4,0.355,0.316,53.2
2253,5R,8,6,0.38,0.316,50.1
2254,5R,8,8,0.406,0.315,47.6
2255,5R,8,10,0.429,0.314,45.4
2256,7.5R,8,2,0.333,0.32,56.3
2257,7.5R,8,4,0.357,0.324,53.7
2258,7.5R,8,6,0.385,0.327,50.9
2259,7.5R,8,8,0.411,0.33,48.5
2260,7.5R,8,10,0.435,0.331,46.2
2261,7.5R,8,12,0.458,0.333,44.4
2262,10R,8,2,0.333,0.323,56.9
2263,10R,8,4,0.358,0.33,54.2
2264,10R,8,6,0.388,0.338,51.8
2265,10R,8,8,0.414,0.344,49.2
2266,10R,8,10,0.438,0.349,47.3
2267,10R,8,12,0.464,0.353,45.4
2268,10R,8,14,0.489,0.357,43.8
2269,2.5YR,8,0,0.31,0.316,59.1
2270,2.5YR,8,2,0.333,0.326,57.4
2271,2.5YR,8,4,0.358,0.336,54.7
2272,2.5YR,8,6,0.389,0.348,52.3
2273,2.5YR,8,8,0.416,0.358,50.5
2274,2.5YR,8,10,0.44,0.365,48.5
2275,2.5YR,8,12,0.467,0.375,46.5
2276,2.5YR,8,14,0.493,0.382,44.8
2277,5YR,8,2,0.332,0.329,57.4
2278,5YR,8,4,0.358,0.343,55.3
2279,5YR,8,6,0.388,0.36,53.2
2280,5YR,8,8,0.415,0.373,51.4
2281,5YR,8,10,0.44,0.386,49.6
2282,5YR,8,12,0.467,0.399,48.0
2283,5YR,8,14,0.493,0.411,46.5
2284,5YR,8,16,0.519,0.422,45.1
2285,5YR,8,18,0.546,0.431,43.8
2286,7.5YR,8,2,0.331,0.331,57.4
2287,7.5YR,8,4,0.356,0.349,55.7
2288,7.5YR,8,6,0.385,0.369,54.2
2289,7.5YR,8,8,0.412,0.387,52.3
2290,7.5YR,8,10,0.436,0.403,50.5
2291,7.5YR,8,12,0.462,0.419,49.2
2292,7.5YR,8,14,0.489,0.435,47.6
2293,7.5YR,8,16,0.514,0.449,46.5
2294,7.5YR,8,18,0.541,0.463,45.1
2295,10YR,8,2,0.329,0.333,57.9
2296,10YR,8,4,0.353,0.353,55.7
2297,10YR,8,6,0.382,0.378,54.2
2298,10YR,8,8,0.407,0.398,52.8
2299,10YR,8,10,0.431,0.415,50.9
2300,10YR,8,12,0.456,0.434,50.1
2301,10YR,8,14,0.482,0.452,48.5
2302,10YR,8,16,0.506,0.469,47.3
2303,2.5Y,8,0,0.31,0.316,59.1
2304,2.5Y,8,2,0.328,0.335,57.9
2305,2.5Y,8,4,0.349,0.357,56.3
2306,2.5Y,8,6,0.377,0.384,54.7
2307,2.5Y,8,8,0.401,0.406,52.8
2308,2.5Y,8,10,0.424,0.426,51.4
2309,2.5Y,8,12,0.448,0.447,50.1
2310,2.5Y,8,14,0.474,0.462,48.8
2311,2.5Y,8,16,0.497,0.486,47.6
2312,5Y,8,2,0.326,0.336,57.9
2313,5Y,8,4,0.346,0.36,56.3
2314,5Y,8,6,0.372,0.39,54.7
2315,5Y,8,8,0.394,0.414,52.8
2316,5Y,8,10,0.416,0.437,51.8
2317,5Y,8,12,0.437,0.459,50.1
2318,5Y,8,14,0.46,0.483,49.2
2319,5Y,8,16,0.482,0.504,48.0
2320,7.5Y,8,2,0.324,0.337,57.9
2321,7.5Y,8,4,0.344,0.362,56.3
2322,7.5Y,8,6,0.368,0.394,54.7
2323,7.5Y,8,8,0.387,0.419,52.8
2324,7.5Y,8,10,0.406,0.444,51.8
2325,7.5Y,8,12,0.426,0.469,50.1
2326,7.5Y,8,14,0.446,0.494,49.2
2327,7.5Y,8,16,0.466,0.518,48.0
2328,10Y,8,2,0.323,0.337,57.9
2329,10Y,8,4,0.34,0.364,56.3
2330,10Y,8,6,0.362,0.397,54.2
2331,10Y,8,8,0.379,0.424,52.8
2332,10Y,8,10,0.396,0.45,51.8
2333,10Y,8,12,0.413,0.476,50.1
2334,10Y,8,14,0.43,0.502,48.8
2335,10Y,8,16,0.447,0.528,48.0
2336,2.5GY,8,0,0.31,0.316,59.1
2337,2.5GY,8,2,0.321,0.338,57.9
2338,2.5GY,8,4,0.335,0.366,55.7
2339,2.5GY,8,6,0.353,0.401,54.2
2340,2.5GY,8,8,0.366,0.428,52.8
2341,2.5GY,8,10,0.379,0.455,50.9
2342,2.5GY,8,12,0.383,0.483,50.1
2343,2.5GY,8,14,0.405,0.509,48.8
2344,2.5GY,8,16,0.418,0.537,47.6
2345,2.5GY,8,18,0.432,0.565,46.2
2346,5GY,8,2,0.318,0.338,57.4
2347,5GY,8,4,0.329,0.366,55.7
2348,5GY,8,6,0.342,0.401,53.7
2349,5GY,8,8,0.352,0.428,52.3
2350,5GY,8,10,0.362,0.457,50.5
2351,5GY,8,12,0.371,0.484,49.2
2352,5GY,8,14,0.38,0.511,48.0
2353,5GY,8,16,0.388,0.54,46.9
2354,5GY,8,18,0.395,0.567,45.4
2355,5GY,8,20,0.401,0.595,44.4
2356,7.5GY,8,2,0.314,0.338,57.4
2357,7.5GY,8,4,0.32,0.366,55.3
2358,7.5GY,8,6,0.327,0.4,53.2
2359,7.5GY,8,8,0.332,0.422,51.4
2360,7.5GY,8,10,0.336,0.453,50.1
2361,7.5GY,8,12,0.339,0.478,48.5
2362,7.5GY,8,14,0.342,0.505,47.3
2363,7.5GY,8,16,0.345,0.532,45.4
2364,7.5GY,8,18,0.346,0.556,44.4
2365,7.5GY,8,20,0.348,0.582,43.1
2366,7.5GY,8,22,0.348,0.607,42.2
2367,7.5GY,8,24,0.348,0.633,41.0
2368,10GY,8,2,0.31,0.337,57.4
2369,10GY,8,4,0.311,0.362,55.3
2370,10GY,8,6,0.311,0.395,52.8
2371,10GY,8,8,0.31,0.418,50.5
2372,10GY,8,10,0.309,0.452,48.8
2373,10GY,8,12,0.308,0.467,47.6
2374,10GY,8,14,0.307,0.491,46.2
2375,10GY,8,16,0.304,0.515,44.8
2376,10GY,8,18,0.3,0.537,43.4
2377,10GY,8,20,0.297,0.56,42.2
2378,10GY,8,22,0.293,0.582,41.0
2379,10GY,8,24,0.289,0.605,40.0
2380,10GY,8,26,0.285,0.629,38.7
2381,10GY,8,28,0.281,0.651,37.6
2382,10GY,8,30,0.274,0.675,36.7
2383,10GY,8,32,0.269,0.695,35.8
2384,10GY,8,34,0.262,0.718,34.8
2385,2.5G,8,0,0.31,0.316,59.1
2386,2.5G,8,2,0.306,0.335,56.9
2387,2.5G,8,4,0.302,0.358,54.7
2388,2.5G,8,6,0.295,0.385,52.3
2389,2.5G,8,8,0.289,0.406,50.1
2390,2.5G,8,10,0.283,0.427,48.5
2391,2.5G,8,12,0.275,0.449,46.5
2392,2.5G,8,14,0.268,0.469,45.1
2393,2.5G,8,16,0.261,0.489,43.7
2394,2.5G,8,18,0.253,0.509,42.1
2395,2.5G,8,20,0.244,0.528,41.0
2396,2.5G,8,22,0.235,0.549,39.7
2397,2.5G,8,24,0.225,0.568,38.4
2398,2.5G,8,26,0.216,0.586,37.2
2399,2.5G,8,28,0.205,0.605,36.1
2400,2.5G,8,30,0.195,0.623,35.2
2401,5G,8,2,0.302,0.333,56.9
2402,5G,8,4,0.292,0.351,54.7
2403,5G,8,6,0.28,0.372,51.8
2404,5G,8,8,0.269,0.39,49.6
2405,5G,8,10,0.258,0.407,47.6
2406,5G,8,12,0.247,0.424,45.8
2407,5G,8,14,0.234,0.442,44.1
2408,5G,8,16,0.223,0.458,42.5
2409,5G,8,18,0.212,0.475,41.3
2410,5G,8,20,0.199,0.492,39.7
2411,5G,8,22,0.186,0.51,38.4
2412,7.5G,8,2,0.299,0.331,56.9
2413,7.5G,8,4,0.286,0.346,54.2
2414,7.5G,8,6,0.272,0.363,51.4
2415,7.5G,8,8,0.258,0.378,49.2
2416,7.5G,8,10,0.244,0.392,46.9
2417,7.5G,8,12,0.231,0.406,45.1
2418,7.5G,8,14,0.216,0.421,43.4
2419,7.5G,8,16,0.202,0.435,41.6
2420,7.5G,8,18,0.188,0.449,40.5
2421,7.5G,8,20,0.173,0.463,38.9
2422,10G,8,2,0.296,0.327,56.3
2423,10G,8,4,0.28,0.339,53.7
2424,10G,8,6,0.262,0.351,50.9
2425,10G,8,8,0.246,0.362,48.5
2426,10G,8,10,0.229,0.373,46.5
2427,10G,8,12,0.213,0.384,44.4
2428,10G,8,14,0.196,0.394,42.8
2429,10G,8,16,0.179,0.405,41.0
2430,10G,8,18,0.162,0.414,39.4
2431,2.5BG,8,0,0.31,0.316,59.1
2432,2.5BG,8,2,0.294,0.324,56.3
2433,2.5BG,8,4,0.276,0.332,53.2
2434,2.5BG,8,6,0.255,0.339,50.5
2435,2.5BG,8,8,0.235,0.346,48.0
2436,2.5BG,8,10,0.218,0.352,45.8
2437,2.5BG,8,12,0.199,0.359,43.8
2438,2.5BG,8,14,0.18,0.365,41.9
2439,2.5BG,8,16,0.161,0.372,40.2
2440,5BG,8,2,0.292,0.319,55.7
2441,5BG,8,4,0.272,0.322,52.8
2442,5BG,8,6,0.25,0.325,50.1
2443,5BG,8,8,0.228,0.328,47.6
2444,5BG,8,10,0.209,0.33,45.1
2445,5BG,8,12,0.189,0.331,43.1
2446,5BG,8,14,0.169,0.333,41.6
2447,7.5BG,8,2,0.291,0.316,55.7
2448,7.5BG,8,4,0.27,0.314,52.8
2449,7.5BG,8,6,0.248,0.313,50.1
2450,7.5BG,8,8,0.225,0.31,46.9
2451,7.5BG,8,10,0.205,0.308,44.8
2452,7.5BG,8,12,0.185,0.305,42.8
2453,7.5BG,8,14,0.165,0.302,41.0
2454,10BG,8,2,0.29,0.312,55.7
2455,10BG,8,4,0.269,0.307,52.3
2456,10BG,8,6,0.248,0.302,49.6
2457,10BG,8,8,0.227,0.296,46.9
2458,10BG,8,10,0.206,0.289,44.8
2459,10BG,8,12,0.187,0.283,42.5
2460,10BG,8,14,0.165,0.276,40.8
2461,2.5B,8,0,0.31,0.316,59.1
2462,2.5B,8,2,0.29,0.309,55.3
2463,2.5B,8,4,0.27,0.301,52.3
2464,2.5B,8,6,0.25,0.293,49.2
2465,2.5B,8,8,0.231,0.284,46.5
2466,2.5B,8,10,0.212,0.274,44.8
2467,2.5B,8,12,0.198,0.264,42.5
2468,5B,8,2,0.29,0.306,55.3
2469,5B,8,4,0.271,0.296,52.3
2470,5B,8,6,0.253,0.285,49.2
2471,5B,8,8,0.236,0.274,46.5
2472,5B,8,10,0.22,0.262,44.8
2473,7.5B,8,2,0.292,0.304,55.3
2474,7.5B,8,4,0.274,0.291,52.3
2475,7.5B,8,6,0.258,0.279,49.2
2476,7.5B,8,8,0.242,0.266,46.5
2477,7.5B,8,10,0.227,0.254,44.8
2478,10B,8,2,0.293,0.302,55.3
2479,10B,8,4,0.276,0.288,51.8
2480,10B,8,6,0.261,0.275,48.8
2481,10B,8,8,0.247,0.261,46.5
2482,2.5PB,8,0,0.31,0.316,59.1
2483,2.5PB,8,2,0.294,0.301,55.3
2484,2.5PB,8,4,0.279,0.286,51.8
2485,2.5PB,8,6,0.265,0.271,48.8
2486,2.5PB,8,8,0.252,0.257,46.5
2487,5PB,8,2,0.296,0.299,54.7
2488,5PB,8,4,0.282,0.283,51.8
2489,5PB,8,6,0.282,0.268,48.8
2490,5PB,8,8,0.258,0.253,46.5
2491,7.5PB,8,2,0.297,0.298,54.7
2492,7.5PB,8,4,0.283,0.272,25.5
2493,7.5PB,8,6,0.275,0.265,48.8
2494,7.5PB,8,8,0.265,0.249,46.5
2495,10PB,8,2,0.3,0.297,54.7
2496,10PB,8,4,0.29,0.279,51.4
2497,10PB,8,6,0.281,0.262,48.5
2498,10PB,8,8,0.273,0.247,46.2
2499,2.5P,8,0,0.31,0.316,59.1
2500,2.5P,8,2,0.302,0.297,54.7
2501,2.5P,8,4,0.293,0.278,51.4
2502,2.5P,8,6,0.287,0.261,48.5
2503,2.5P,8,8,0.28,0.245,46.2
2504,5P,8,2,0.303,0.297,54.7
2505,5P,8,4,0.298,0.278,51.4
2506,5P,8,6,0.292,0.26,48.5
2507,5P,8,8,0.288,0.244,46.2
2508,7.5P,8,2,0.308,0.297,54.7
2509,7.5P,8,4,0.305,0.278,51.4
2510,7.5P,8,6,0.303,0.26,48.5
2511,7.5P,8,8,0.302,0.244,45.8
2512,7.5P,8,10,0.3,0.229,43.8
2513,10P,8,2,0.312,0.297,54.7
2514,10P,8,4,0.315,0.279,51.4
2515,10P,8,6,0.316,0.263,48.0
2516,10P,8,8,0.318,0.247,45.8
2517,10P,8,10,0.319,0.232,43.4
2518,10P,8,12,0.321,0.218,41.9
2519,2.5RP,8,0,0.31,0.316,59.1
2520,2.5RP,8,2,0.317,0.299,54.7
2521,2.5RP,8,4,0.323,0.283,51.4
2522,2.5RP,8,6,0.329,0.267,48.0
2523,2.5RP,8,8,0.335,0.252,45.8
2524,2.5RP,8,10,0.339,0.239,43.4
2525,2.5RP,8,12,0.344,0.226,41.6
2526,7.5RP,8,2,0.324,0.305,55.3
2527,7.5RP,8,4,0.34,0.293,51.4
2528,7.5RP,8,6,0.354,0.282,48.5
2529,7.5RP,8,8,0.368,0.271,45.8
2530,7.5RP,8,10,0.382,0.26,43.4
2531,10RP,8,2,0.329,0.309,55.3
2532,10RP,8,4,0.348,0.302,51.8
2533,10RP,8,6,0.368,0.294,48.8
2534,10RP,8,8,0.386,0.287,46.2
2535,10RP,8,10,0.406,0.279,43.8
2536,2.5R,9,0,0.31,0.316,78.6
2537,2.5R,9,2,0.328,0.314,74.9
2538,2.5R,9,4,0.349,0.311,70.9
2539,2.5R,9,6,0.37,0.308,66.6
2540,5R,9,2,0.33,0.317,74.9
2541,5R,9,4,0.351,0.317,71.5
2542,5R,9,6,0.375,0.318,67.8
2543,7.5R,9,2,0.33,0.32,75.7
2544,7.5R,9,4,0.353,0.324,72.1
2545,7.5R,9,6,0.378,0.328,69.0
2546,10R,9,2,0.33,0.323,75.7
2547,10R,9,4,0.354,0.33,72.8
2548,10R,9,6,0.38,0.338,69.6
2549,2.5YR,9,0,0.31,0.316,78.6
2550,2.5YR,9,2,0.33,0.325,76.4
2551,2.5YR,9,4,0.353,0.335,73.5
2552,2.5YR,9,6,0.381,0.347,70.9
2553,2.5YR,9,8,0.406,0.357,68.4
2554,5YR,9,2,0.329,0.329,77.1
2555,5YR,9,4,0.352,0.342,74.2
2556,5YR,9,6,0.379,0.358,72.1
2557,5YR,9,8,0.404,0.37,69.6
2558,7.5YR,9,2,0.328,0.331,77.1
2559,7.5YR,9,4,0.349,0.347,74.9
2560,7.5YR,9,6,0.376,0.366,72.8
2561,7.5YR,9,8,0.4,0.382,70.2
2562,7.5YR,9,10,0.422,0.398,68.4
2563,10YR,9,2,0.326,0.333,77.1
2564,10YR,9,4,0.347,0.352,75.7
2565,10YR,9,6,0.373,0.373,72.8
2566,10YR,9,8,0.395,0.391,70.9
2567,10YR,9,10,0.417,0.407,69.6
2568,10YR,9,12,0.438,0.424,67.3
2569,2.5Y,9,0,0.31,0.316,78.6
2570,2.5Y,9,2,0.325,0.334,77.1
2571,2.5Y,9,4,0.344,0.354,75.7
2572,2.5Y,9,6,0.368,0.379,72.8
2573,2.5Y,9,8,0.389,0.398,71.5
2574,2.5Y,9,10,0.41,0.417,69.6
2575,2.5Y,9,12,0.431,0.435,67.8
2576,2.5Y,9,14,0.453,0.453,66.6
2577,2.5Y,9,16,0.474,0.47,65.0
2578,5Y,9,4,0.342,0.355,75.1
2579,5Y,9,6,0.351,0.376,72.7
2580,5Y,9,8,0.374,0.393,72.8
2581,5Y,9,10,0.382,0.404,71.5
2582,5Y,9,12,0.402,0.426,69.6
2583,5Y,9,14,0.42,0.446,67.8
2584,5Y,9,16,0.44,0.467,66.6
2585,5Y,9,18,0.46,0.487,65.5
2586,5Y,9,20,0.48,0.507,64.5
2587,7.5Y,9,4,0.333,0.356,75.1
2588,7.5Y,9,6,0.349,0.378,72.7
2589,7.5Y,9,8,0.359,0.386,72.8
2590,7.5Y,9,10,0.376,0.408,71.5
2591,7.5Y,9,12,0.395,0.432,69.6
2592,7.5Y,9,14,0.411,0.454,67.8
2593,7.5Y,9,16,0.429,0.476,66.6
2594,7.5Y,9,18,0.447,0.498,65.5
2595,7.5Y,9,20,0.464,0.52,64.0
2596,10Y,9,4,0.331,0.356,75.1
2597,10Y,9,6,0.356,0.389,72.7
2598,10Y,9,8,0.355,0.393,72.8
2599,10Y,9,10,0.37,0.411,70.9
2600,10Y,9,12,0.386,0.437,69.6
2601,10Y,9,14,0.401,0.46,67.8
2602,10Y,9,16,0.416,0.484,66.6
2603,10Y,9,18,0.432,0.508,65.0
2604,10Y,9,20,0.446,0.53,64.0
2605,2.5GY,9,0,0.31,0.316,78.6
2606,2.5GY,9,2,0.32,0.337,77.1
2607,2.5GY,9,4,0.332,0.361,74.9
2608,2.5GY,9,6,0.347,0.391,72.8
2609,2.5GY,9,8,0.36,0.415,70.9
2610,2.5GY,9,10,0.373,0.442,69.0
2611,2.5GY,9,12,0.385,0.466,67.3
2612,2.5GY,9,14,0.396,0.49,66.1
2613,2.5GY,9,16,0.409,0.516,64.5
2614,2.5GY,9,18,0.42,0.539,63.4
2615,2.5GY,9,20,0.432,0.563,61.9
2616,5GY,9,2,0.317,0.337,77.1
2617,5GY,9,4,0.327,0.361,74.9
2618,5GY,9,6,0.339,0.392,72.1
2619,5GY,9,8,0.348,0.417,70.2
2620,5GY,9,10,0.358,0.443,69.0
2621,5GY,9,12,0.367,0.468,66.6
2622,5GY,9,14,0.375,0.492,65.0
2623,5GY,9,16,0.383,0.518,63.4
2624,5GY,9,18,0.391,0.543,62.5
2625,5GY,9,20,0.397,0.568,60.5
2626,5GY,9,22,0.403,0.598,59.2
2627,7.5GY,9,2,0.314,0.337,76.4
2628,7.5GY,9,4,0.32,0.361,74.2
2629,7.5GY,9,6,0.326,0.391,71.5
2630,7.5GY,9,8,0.331,0.416,69.6
2631,7.5GY,9,10,0.335,0.44,67.3
2632,7.5GY,9,12,0.339,0.464,65.5
2633,7.5GY,9,14,0.341,0.488,64.0
2634,7.5GY,9,16,0.343,0.512,62.5
2635,7.5GY,9,18,0.345,0.536,60.5
2636,7.5GY,9,20,0.346,0.561,58.7
2637,7.5GY,9,22,0.348,0.588,57.0
2638,7.5GY,9,24,0.35,0.612,55.8
2639,10GY,9,2,0.31,0.335,76.4
2640,10GY,9,4,0.31,0.358,73.5
2641,10GY,9,6,0.311,0.387,70.9
2642,10GY,9,8,0.311,0.409,68.4
2643,10GY,9,10,0.311,0.432,66.6
2644,10GY,9,12,0.31,0.454,64.5
2645,10GY,9,14,0.309,0.477,62.9
2646,10GY,9,16,0.307,0.498,61.0
2647,10GY,9,18,0.305,0.52,59.2
2648,10GY,9,20,0.302,0.541,57.8
2649,10GY,9,22,0.298,0.563,56.2
2650,10GY,9,24,0.294,0.583,54.6
2651,2.5G,9,0,0.31,0.316,78.6
2652,2.5G,9,2,0.306,0.333,76.4
2653,2.5G,9,4,0.302,0.354,73.5
2654,2.5G,9,6,0.297,0.378,70.2
2655,2.5G,9,8,0.292,0.398,67.8
2656,2.5G,9,10,0.287,0.419,65.5
2657,2.5G,9,12,0.281,0.437,63.4
2658,2.5G,9,14,0.275,0.456,61.4
2659,2.5G,9,16,0.269,0.475,59.6
2660,2.5G,9,18,0.262,0.494,57.8
2661,2.5G,9,20,0.256,0.512,56.2
2662,5G,9,2,0.303,0.331,76.4
2663,5G,9,4,0.294,0.348,72.8
2664,5G,9,6,0.283,0.367,69.6
2665,5G,9,8,0.273,0.384,67.3
2666,5G,9,10,0.264,0.401,64.5
2667,5G,9,12,0.254,0.417,62.9
2668,5G,9,14,0.243,0.432,60.0
2669,7.5G,9,2,0.3,0.329,76.4
2670,7.5G,9,4,0.289,0.344,72.8
2671,7.5G,9,6,0.276,0.36,69.6
2672,7.5G,9,8,0.263,0.375,66.6
2673,7.5G,9,10,0.25,0.388,64.0
2674,7.5G,9,12,0.237,0.401,61.9
2675,10G,9,2,0.297,0.327,75.7
2676,10G,9,4,0.283,0.337,72.1
2677,10G,9,6,0.267,0.35,69.0
2678,10G,9,8,0.251,0.361,65.5
2679,10G,9,10,0.236,0.371,62.5
2680,10G,9,12,0.227,0.377,60.0
2681,2.5BG,9,0,0.31,0.316,78.6
2682,2.5BG,9,2,0.296,0.324,75.7
2683,2.5BG,9,4,0.279,0.332,71.5
2684,2.5BG,9,6,0.261,0.339,68.4
2685,2.5BG,9,8,0.242,0.347,64.5
2686,2.5BG,9,10,0.225,0.353,61.9
2687,5BG,9,2,0.293,0.32,74.9
2688,5BG,9,4,0.275,0.324,71.5
2689,5BG,9,6,0.266,0.327,67.8
2690,5BG,9,8,0.235,0.33,64.5
2691,5BG,9,10,0.217,0.332,63.4
2692,7.5BG,9,2,0.292,0.317,74.9
2693,7.5BG,9,4,0.273,0.317,70.9
2694,7.5BG,9,6,0.253,0.315,67.3
2695,7.5BG,9,8,0.232,0.314,64.0
2696,10BG,9,2,0.291,0.313,74.2
2697,10BG,9,4,0.272,0.31,70.2
2698,10BG,9,6,0.252,0.305,66.6
2699,10BG,9,8,0.232,0.3,63.4
2700,2.5B,9,0,0.31,0.316,78.6
2701,2.5B,9,2,0.291,0.31,74.2
2702,2.5B,9,4,0.272,0.303,70.2
2703,2.5B,9,6,0.253,0.295,66.1
2704,5B,9,2,0.292,0.308,73.5
2705,5B,9,4,0.274,0.298,70.2
2706,5B,9,6,0.256,0.289,66.1
2707,7.5B,9,2,0.293,0.305,73.5
2708,7.5B,9,4,0.276,0.294,69.6
2709,7.5B,9,6,0.26,0.283,66.1
2710,10B,9,2,0.294,0.304,73.5
2711,10B,9,4,0.278,0.291,69.6
2712,2.5PB,9,0,0.31,0.316,78.6
2713,2.5PB,9,2,0.295,0.302,73.5
2714,2.5PB,9,4,0.281,0.288,69.6
2715,5PB,9,2,0.296,0.302,73.5
2716,5PB,9,4,0.284,0.286,69.6
2717,7.5PB,9,2,0.293,0.3,73.5
2718,7.5PB,9,4,0.288,0.284,69.6
2719,10PB,9,2,0.3,0.299,73.5
2720,10PB,9,4,0.291,0.283,69.0
2721,2.5P,9,0,0.31,0.316,78.6
2722,2.5P,9,2,0.302,0.299,73.5
2723,2.5P,9,4,0.294,0.282,69.0
2724,5P,9,2,0.303,0.299,73.5
2725,5P,9,4,0.297,0.281,69.0
2726,7.5P,9,2,0.307,0.299,73.5
2727,7.5P,9,4,0.304,0.281,69.0
2728,10P,9,2,0.312,0.3,73.5
2729,10P,9,4,0.314,0.283,69.0
2730,10P,9,6,0.316,0.261,64.5
2731,2.5RP,9,0,0.31,0.316,78.6
2732,2.5RP,9,2,0.316,0.302,73.5
2733,2.5RP,9,4,0.322,0.286,69.0
2734,2.5RP,9,6,0.328,0.271,64.5
2735,7.5RP,9,2,0.323,0.306,73.5
2736,7.5RP,9,4,0.337,0.296,69.6
2737,7.5RP,9,6,0.351,0.282,65.5
2738,10RP,9,2,0.326,0.311,74.2
2739,10RP,9,4,0.345,0.304,69.6
2740,10RP,9,6,0.363,0.293,66.1
2741,2.5R,10,0,0.31,0.316,102.5
2742,2.5R,10,2,0.326,0.313,97.6
2743,2.5R,10,4,0.345,0.311,93.2
2744,2.5R,10,6,0.364,0.308,88.4
2745,5R,10,2,0.328,0.316,98.7
2746,5R,10,4,0.348,0.317,94.1
2747,5R,10,6,0.369,0.317,89.3
2748,7.5R,10,2,0.328,0.319,98.7
2749,7.5R,10,4,0.349,0.323,95.0
2750,7.5R,10,6,0.372,0.327,90.8
2751,10R,10,2,0.328,0.322,99.6
2752,10R,10,4,0.35,0.328,95.9
2753,10R,10,6,0.374,0.336,90.8
2754,2.5YR,10,0,0.31,0.316,102.5
2755,2.5YR,10,2,0.328,0.324,100.5
2756,2.5YR,10,4,0.349,0.333,96.7
2757,2.5YR,10,6,0.374,0.343,93.2
2758,2.5YR,10,8,0.396,0.352,90.0
2759,5YR,10,2,0.326,0.327,100.5
2760,5YR,10,4,0.348,0.34,97.6
2761,5YR,10,6,0.372,0.353,95.0
2762,5YR,10,8,0.394,0.365,91.6
2763,5YR,10,10,0.415,0.377,89.2
2764,7.5YR,10,2,0.326,0.329,100.5
2765,7.5YR,10,4,0.345,0.344,98.7
2766,7.5YR,10,6,0.369,0.362,95.0
2767,7.5YR,10,8,0.39,0.376,93.2
2768,7.5YR,10,10,0.41,0.389,90.8
2769,7.5YR,10,12,0.431,0.403,88.4
2770,10YR,10,2,0.324,0.331,100.5
2771,10YR,10,4,0.344,0.348,98.7
2772,10YR,10,6,0.366,0.366,95.9
2773,10YR,10,8,0.386,0.382,94.1
2774,10YR,10,10,0.405,0.399,91.6
2775,10YR,10,12,0.424,0.414,89.2
2776,10YR,10,14,0.444,0.43,87.7
2777,2.5Y,10,0,0.31,0.316,102.5
2778,2.5Y,10,2,0.323,0.332,100.5
2779,2.5Y,10,4,0.341,0.351,98.7
2780,2.5Y,10,6,0.362,0.372,95.9
2781,2.5Y,10,8,0.38,0.39,94.1
2782,2.5Y,10,10,0.399,0.407,91.6
2783,2.5Y,10,12,0.417,0.423,90.0
2784,2.5Y,10,14,0.437,0.441,87.7
2785,2.5Y,10,16,0.456,0.456,86.2
2786,2.5Y,10,18,0.476,0.472,84.7
2787,5Y,10,2,0.322,0.333,100.5
2788,5Y,10,4,0.338,0.352,98.7
2789,5Y,10,6,0.358,0.376,95.9
2790,5Y,10,8,0.374,0.396,94.1
2791,5Y,10,10,0.391,0.405,91.6
2792,5Y,10,12,0.407,0.433,90.0
2793,5Y,10,14,0.425,0.453,88.4
2794,5Y,10,16,0.442,0.471,86.9
2795,5Y,10,18,0.46,0.489,84.7
2796,5Y,10,20,0.477,0.506,83.4
2797,5Y,10,22,0.495,0.525,82.1
2798,7.5Y,10,2,0.321,0.333,100.5
2799,7.5Y,10,4,0.336,0.354,98.7
2800,7.5Y,10,6,0.354,0.379,95.9
2801,7.5Y,10,8,0.369,0.4,94.1
2802,7.5Y,10,10,0.384,0.42,91.6
2803,7.5Y,10,12,0.399,0.44,90.0
2804,7.5Y,10,14,0.416,0.461,88.4
2805,7.5Y,10,16,0.431,0.48,86.9
2806,7.5Y,10,18,0.447,0.5,84.7
2807,7.5Y,10,20,0.462,0.519,83.4
2808,7.5Y,10,22,0.479,0.539,82.1
2809,10Y,10,2,0.32,0.334,100.5
2810,10Y,10,4,0.333,0.355,98.7
2811,10Y,10,6,0.35,0.381,95.9
2812,10Y,10,8,0.364,0.402,94.1
2813,10Y,10,10,0.377,0.423,91.6
2814,10Y,10,12,0.391,0.445,90.0
2815,10Y,10,14,0.406,0.467,87.7
2816,10Y,10,16,0.419,0.488,86.1
2817,10Y,10,18,0.433,0.509,84.7
2818,10Y,10,20,0.446,0.53,82.7
2819,10Y,10,22,0.46,0.552,81.4
2820,2.5GY,10,0,0.31,0.316,102.5
2821,2.5GY,10,2,0.318,0.334,100.5
2822,2.5GY,10,4,0.33,0.356,98.7
2823,2.5GY,10,6,0.343,0.383,95.0
2824,2.5GY,10,8,0.355,0.405,93.2
2825,2.5GY,10,10,0.366,0.427,91.6
2826,2.5GY,10,12,0.378,0.45,89.2
2827,2.5GY,10,14,0.389,0.473,87.7
2828,2.5GY,10,16,0.4,0.495,85.4
2829,2.5GY,10,18,0.411,0.518,84.1
2830,2.5GY,10,20,0.421,0.539,82.1
2831,2.5GY,10,22,0.432,0.562,80.1
2832,5GY,10,2,0.317,0.335,100.5
2833,5GY,10,4,0.325,0.356,97.6
2834,5GY,10,6,0.336,0.384,95.0
2835,5GY,10,8,0.345,0.407,92.4
2836,5GY,10,10,0.354,0.429,90.8
2837,5GY,10,12,0.363,0.452,88.4
2838,5GY,10,14,0.371,0.474,86.9
2839,5GY,10,16,0.379,0.497,84.7
2840,5GY,10,18,0.386,0.52,82.7
2841,5GY,10,20,0.392,0.541,80.7
2842,5GY,10,22,0.398,0.569,79.5
2843,5GY,10,24,0.403,0.585,77.7
2844,7.5GY,10,2,0.313,0.334,100.5
2845,7.5GY,10,4,0.318,0.356,97.6
2846,7.5GY,10,6,0.324,0.383,94.1
2847,7.5GY,10,8,0.329,0.406,91.6
2848,7.5GY,10,10,0.334,0.427,89.2
2849,7.5GY,10,12,0.337,0.448,86.9
2850,7.5GY,10,14,0.34,0.47,84.7
2851,7.5GY,10,16,0.343,0.491,83.4
2852,7.5GY,10,18,0.345,0.512,81.4
2853,7.5GY,10,20,0.347,0.533,78.9
2854,7.5GY,10,22,0.349,0.554,77.1
2855,7.5GY,10,24,0.35,0.573,75.4
2856,7.5GY,10,26,0.351,0.593,73.7
2857,10GY,10,2,0.31,0.333,99.6
2858,10GY,10,4,0.31,0.354,96.7
2859,10GY,10,6,0.311,0.379,93.2
2860,10GY,10,8,0.311,0.401,91.6
2861,10GY,10,10,0.311,0.419,87.7
2862,10GY,10,12,0.311,0.44,85.4
2863,10GY,10,14,0.31,0.459,83.4
2864,10GY,10,16,0.309,0.478,81.4
2865,10GY,10,18,0.308,0.497,79.5
2866,10GY,10,20,0.307,0.516,77.7
2867,10GY,10,22,0.305,0.534,76.0
2868,10GY,10,24,0.303,0.553,74.4
2869,10GY,10,26,0.301,0.571,72.2
2870,2.5G,10,0,0.31,0.316,102.5
2871,2.5G,10,2,0.306,0.332,99.6
2872,2.5G,10,4,0.303,0.35,95.9
2873,2.5G,10,6,0.298,0.372,92.4
2874,2.5G,10,8,0.294,0.391,90.0
2875,2.5G,10,10,0.29,0.408,86.9
2876,2.5G,10,12,0.286,0.426,84.1
2877,2.5G,10,14,0.281,0.443,82.1
2878,2.5G,10,16,0.276,0.46,80.1
2879,2.5G,10,18,0.271,0.477,77.7
2880,2.5G,10,20,0.266,0.495,76.8
2881,5G,10,2,0.303,0.33,99.6
2882,5G,10,4,0.295,0.345,95.9
2883,5G,10,6,0.286,0.362,91.6
2884,5G,10,8,0.278,0.378,88.4
2885,5G,10,10,0.269,0.393,86.2
2886,5G,10,12,0.26,0.407,82.7
2887,5G,10,14,0.251,0.422,80.1
2888,5G,10,16,0.242,0.436,77.7
2889,7.5G,10,2,0.301,0.328,99.6
2890,7.5G,10,4,0.291,0.341,95.0
2891,7.5G,10,6,0.279,0.356,91.6
2892,7.5G,10,8,0.268,0.368,87.7
2893,7.5G,10,10,0.257,0.381,84.7
2894,7.5G,10,12,0.246,0.393,82.1
2895,7.5G,10,14,0.235,0.406,82.7
2896,10G,10,2,0.298,0.325,99.6
2897,10G,10,4,0.285,0.335,95.0
2898,10G,10,6,0.272,0.346,90.8
2899,10G,10,8,0.257,0.357,86.9
2900,10G,10,10,0.245,0.365,84.1
2901,10G,10,12,0.232,0.374,80.7
2902,2.5B,10,0,0.31,0.316,102.5
2903,2.5B,10,2,0.292,0.31,97.6
2904,2.5B,10,4,0.275,0.304,92.4
2905,2.5B,10,6,0.258,0.297,87.7
2906,5B,10,2,0.293,0.308,96.7
2907,5B,10,4,0.277,0.3,92.4
2908,7.5B,10,2,0.293,0.306,96.7
2909,7.5B,10,4,0.278,0.296,92.4
2910,10B,10,2,0.294,0.305,96.7
2911,10B,10,4,0.28,0.293,91.6
2912,2.5PB,10,0,0.31,0.316,102.5
2913,2.5PB,10,2,0.296,0.303,96.7
2914,2.5PB,10,4,0.282,0.29,91.6
2915,5PB,10,2,0.297,0.302,96.7
2916,5PB,10,4,0.285,0.288,91.6
2917,7.5PB,10,2,0.298,0.301,96.7
2918,7.5PB,10,4,0.288,0.286,91.6
2919,10PB,10,2,0.3,0.3,96.7
2920,10PB,10,4,0.291,0.284,91.6
2921,2.5P,10,0,0.31,0.316,102.5
2922,2.5P,10,2,0.301,0.299,96.7
2923,2.5P,10,4,0.295,0.283,90.8
2924,5P,10,2,0.303,0.299,96.7
2925,5P,10,4,0.297,0.283,90.8
2926,7.5P,10,2,0.306,0.299,96.7
2927,7.5P,10,4,0.304,0.282,90.8
2928,10P,10,2,0.311,0.3,96.7
2929,10P,10,4,0.313,0.284,90.8
2930,10P,10,6,0.314,0.27,86.2
2931,2.5RP,10,0,0.31,0.316,102.5
2932,2.5RP,10,2,0.315,0.302,96.7
2933,2.5RP,10,4,0.32,0.287,90.8
2934,2.5RP,10,6,0.326,0.274,86.2
2935,7.5RP,10,2,0.321,0.306,96.7
2936,7.5RP,10,4,0.334,0.297,91.6
2937,7.5RP,10,6,0.347,0.283,86.9
2938,10RP,10,2,0.325,0.311,97.6
2939,10RP,10,4,0.341,0.305,92.4
2940,10RP,10,6,0.358,0.299,87.7
