H,V,C,x,y,Y
2.5R,1,0,0.31,0.316,1.21
2.5R,1,2,0.374,0.292,0.98
2.5R,1,4,0.431,0.265,0.83
2.5R,1,6,0.471,0.242,0.74
2.5R,1,8,0.523,0.221,0.67
2.5R,1,10,0.56,0.203,0.62
2.5R,2,0,0.31,0.316,3.12
2.5R,2,2,0.36,0.3,2.67
2.5R,2,4,0.407,0.282,2.33
2.5R,2,6,0.45,0.265,2.1
2.5R,2,8,0.488,0.248,1.91
2.5R,2,10,0.525,0.232,1.77
2.5R,2,12,0.556,0.218,1.65
2.5R,2,14,0.585,0.205,1.56
2.5R,3,0,0.31,0.316,6.55
2.5R,3,2,0.35,0.304,5.8
2.5R,3,4,0.389,0.292,5.16
2.5R,3,6,0.427,0.278,4.68
2.5R,3,8,0.462,0.265,4.31
2.5R,3,10,0.496,0.252,3.97
2.5R,3,12,0.53,0.239,3.7
2.5R,3,14,0.562,0.226,3.49
2.5R,3,16,0.595,0.211,3.12
2.5R,4,0,0.3101,0.3163,12.0
2.5R,4,2,0.343,0.308,10.8
2.5R,4,4,0.377,0.297,9.8
2.5R,4,6,0.409,0.287,9.0
2.5R,4,8,0.44,0.276,8.3
2.5R,4,10,0.471,0.265,7.8
2.5R,4,12,0.5,0.255,7.3
2.5R,4,14,0.526,0.245,6.9
2.5R,4,16,0.554,0.234,6.5
2.5R,4,18,0.576,0.226,6.3
2.5R,5,0,0.31,0.316,19.7
2.5R,5,2,0.34,0.311,18.3
2.5R,5,4,0.369,0.303,16.7
2.5R,5,6,0.398,0.295,15.4
2.5R,5,8,0.427,0.286,14.3
2.5R,5,10,0.455,0.277,13.4
2.5R,5,12,0.482,0.263,12.7
2.5R,5,14,0.508,0.259,11.9
2.5R,5,16,0.531,0.251,11.4
2.5R,5,18,0.554,0.243,10.9
2.5R,6,0,0.31,0.316,30.0
2.5R,6,2,0.337,0.312,28.1
2.5R,6,4,0.363,0.307,25.9
2.5R,6,6,0.39,0.302,24.0
2.5R,6,8,0.416,0.293,22.6
2.5R,6,10,0.441,0.286,21.3
2.5R,6,12,0.465,0.278,20.2
2.5R,6,14,0.49,0.269,19.0
2.5R,6,16,0.513,0.262,18.0
2.5R,7,0,0.31,0.316,43.0
2.5R,7,2,0.333,0.313,40.3
2.5R,7,4,0.357,0.309,37.8
2.5R,7,6,0.382,0.303,35.3
2.5R,7,8,0.407,0.298,33.1
2.5R,7,10,0.431,0.293,31.4
2.5R,7,12,0.456,0.287,29.7
2.5R,7,14,0.479,0.282,28.2
2.5R,8,0,0.31,0.316,59.1
2.5R,8,2,0.33,0.313,55.7
2.5R,8,4,0.353,0.31,52.3
2.5R,8,6,0.375,0.306,49.6
2.5R,8,8,0.398,0.302,46.9
2.5R,8,10,0.419,0.297,44.4
2.5R,9,0,0.31,0.316,78.6
2.5R,9,2,0.328,0.314,74.9
2.5R,9,4,0.349,0.311,70.9
2.5R,9,6,0.37,0.308,66.6
2.5R,10,0,0.31,0.316,102.5
2.5R,10,2,0.326,0.313,97.6
2.5R,10,4,0.345,0.311,93.2
2.5R,10,6,0.364,0.308,88.4
5.0R,1,2,0.381,0.301,0.99
5.0R,1,4,0.45,0.284,0.84
5.0R,1,6,0.512,0.265,0.73
5.0R,1,8,0.567,0.246,0.66
5.0R,1,10,0.614,0.228,0.6
5.0R,2,2,0.366,0.309,2.69
5.0R,2,4,0.42,0.297,2.35
5.0R,2,6,0.471,0.284,2.1
5.0R,2,8,0.519,0.27,1.89
5.0R,2,10,0.562,0.256,1.75
5.0R,2,12,0.603,0.244,1.62
5.0R,2,14,0.64,0.231,1.52
5.0R,3,2,0.354,0.312,5.85
5.0R,3,4,0.399,0.305,5.24
5.0R,3,6,0.443,0.296,4.71
5.0R,3,8,0.484,0.285,4.31
5.0R,3,10,0.525,0.274,3.97
5.0R,3,12,0.567,0.264,3.7
5.0R,3,14,0.601,0.253,3.45
5.0R,3,16,0.636,0.242,3.26
5.0R,4,2,0.346,0.313,10.9
5.0R,4,4,0.384,0.309,9.9
5.0R,4,6,0.422,0.303,9.1
5.0R,4,8,0.459,0.295,8.4
5.0R,4,10,0.495,0.287,7.8
5.0R,4,12,0.529,0.278,7.2
5.0R,4,14,0.563,0.269,6.8
5.0R,4,16,0.593,0.261,6.5
5.0R,4,18,0.624,0.252,6.1
5.0R,5,2,0.341,0.315,18.3
5.0R,5,4,0.374,0.312,16.9
5.0R,5,6,0.407,0.308,15.6
5.0R,5,8,0.441,0.302,14.5
5.0R,5,10,0.473,0.296,13.5
5.0R,5,12,0.505,0.29,12.7
5.0R,5,14,0.534,0.283,12.0
5.0R,5,16,0.564,0.277,11.4
5.0R,5,18,0.594,0.271,10.7
5.0R,6,2,0.338,0.316,28.1
5.0R,6,4,0.368,0.315,26.1
5.0R,6,6,0.398,0.313,24.4
5.0R,6,8,0.427,0.31,22.9
5.0R,6,10,0.457,0.306,21.5
5.0R,6,12,0.485,0.302,20.3
5.0R,6,14,0.521,0.298,19.3
5.0R,6,16,0.541,0.292,18.2
5.0R,7,2,0.334,0.316,40.6
5.0R,7,4,0.361,0.315,38.1
5.0R,7,6,0.389,0.315,35.6
5.0R,7,8,0.418,0.313,33.6
5.0R,7,10,0.443,0.312,31.9
5.0R,7,12,0.47,0.31,30.1
5.0R,7,14,0.499,0.306,28.5
5.0R,8,2,0.332,0.316,56.3
5.0R,8,4,0.355,0.316,53.2
5.0R,8,6,0.38,0.316,50.1
5.0R,8,8,0.406,0.315,47.6
5.0R,8,10,0.429,0.314,45.4
5.0R,9,2,0.33,0.317,74.9
5.0R,9,4,0.351,0.317,71.5
5.0R,9,6,0.375,0.318,67.8
5.0R,10,2,0.328,0.316,98.7
5.0R,10,4,0.348,0.317,94.1
5.0R,10,6,0.369,0.317,89.3
7.5R,1,2,0.387,0.311,1.0
7.5R,1,4,0.465,0.3,0.84
7.5R,1,6,0.526,0.284,0.73
7.5R,1,8,0.6,0.267,0.65
7.5R,1,10,0.657,0.251,0.59
7.5R,2,2,0.369,0.316,2.74
7.5R,2,4,0.43,0.311,2.37
7.5R,2,6,0.488,0.302,2.11
7.5R,2,8,0.543,0.292,1.89
7.5R,2,10,0.594,0.286,1.73
7.5R,2,12,0.642,0.27,1.6
7.5R,2,14,0.691,0.258,1.49
7.5R,3,2,0.356,0.318,5.91
7.5R,3,4,0.405,0.316,5.28
7.5R,3,6,0.456,0.312,4.75
7.5R,3,8,0.502,0.305,4.34
7.5R,3,10,0.546,0.298,4.0
7.5R,3,12,0.588,0.289,3.7
7.5R,3,14,0.63,0.28,3.45
7.5R,3,16,0.668,0.272,3.26
7.5R,3,18,0.709,0.265,3.07
7.5R,4,2,0.348,0.319,11.0
7.5R,4,4,0.389,0.319,10.1
7.5R,4,6,0.432,0.317,9.2
7.5R,4,8,0.473,0.313,8.4
7.5R,4,10,0.514,0.308,7.8
7.5R,4,12,0.554,0.301,7.3
7.5R,4,14,0.592,0.294,6.8
7.5R,4,16,0.628,0.286,6.4
7.5R,4,18,0.664,0.278,6.0
7.5R,5,2,0.342,0.32,18.5
7.5R,5,4,0.378,0.322,17.2
7.5R,5,6,0.415,0.322,15.8
7.5R,5,8,0.456,0.32,14.7
7.5R,5,10,0.487,0.318,13.7
7.5R,5,12,0.522,0.314,12.8
7.5R,5,14,0.552,0.31,12.1
7.5R,5,16,0.584,0.304,11.5
7.5R,5,18,0.616,0.297,10.9
7.5R,6,2,0.339,0.321,28.3
7.5R,6,4,0.371,0.324,26.6
7.5R,6,6,0.404,0.325,24.6
7.5R,6,8,0.435,0.326,23.3
7.5R,6,10,0.467,0.325,21.9
7.5R,6,12,0.497,0.323,20.7
7.5R,6,14,0.526,0.321,19.7
7.5R,6,16,0.557,0.32,18.5
7.5R,6,18,0.585,0.318,17.8
7.5R,7,2,0.335,0.32,41.0
7.5R,7,4,0.364,0.324,38.5
7.5R,7,6,0.395,0.327,36.2
7.5R,7,8,0.425,0.329,34.2
7.5R,7,10,0.452,0.33,32.6
7.5R,7,12,0.479,0.33,30.7
7.5R,7,14,0.509,0.329,29.3
7.5R,7,16,0.536,0.328,27.9
7.5R,8,2,0.333,0.32,56.3
7.5R,8,4,0.357,0.324,53.7
7.5R,8,6,0.385,0.327,50.9
7.5R,8,8,0.411,0.33,48.5
7.5R,8,10,0.435,0.331,46.2
7.5R,8,12,0.458,0.333,44.4
7.5R,9,2,0.33,0.32,75.7
7.5R,9,4,0.353,0.324,72.1
7.5R,9,6,0.378,0.328,69.0
7.5R,10,2,0.328,0.319,98.7
7.5R,10,4,0.349,0.323,95.0
7.5R,10,6,0.372,0.327,90.8
10.0R,1,2,0.394,0.322,1.01
10.0R,1,4,0.482,0.321,0.85
10.0R,1,6,0.566,0.311,0.73
10.0R,1,8,0.643,0.296,0.64
10.0R,1,10,0.709,0.281,0.58
10.0R,2,2,0.372,0.326,2.77
10.0R,2,4,0.441,0.329,2.4
10.0R,2,6,0.51,0.327,2.11
10.0R,2,8,0.57,0.322,1.91
10.0R,2,10,0.628,0.315,1.73
10.0R,2,12,0.685,0.309,1.59
10.0R,3,2,0.358,0.324,5.96
10.0R,3,4,0.412,0.33,5.38
10.0R,3,6,0.47,0.332,4.79
10.0R,3,8,0.52,0.33,4.37
10.0R,3,10,0.569,0.329,4.04
10.0R,3,12,0.616,0.326,3.77
10.0R,3,14,0.665,0.323,3.49
10.0R,4,2,0.35,0.323,11.1
10.0R,4,4,0.394,0.329,10.2
10.0R,4,6,0.441,0.333,9.4
10.0R,4,8,0.486,0.334,8.6
10.0R,4,10,0.529,0.334,7.9
10.0R,4,12,0.574,0.333,7.4
10.0R,4,14,0.617,0.332,6.9
10.0R,4,16,0.661,0.331,6.5
10.0R,5,2,0.343,0.324,18.6
10.0R,5,4,0.381,0.33,17.3
10.0R,5,6,0.422,0.335,16.1
10.0R,5,8,0.459,0.338,15.0
10.0R,5,10,0.496,0.339,14.0
10.0R,5,12,0.534,0.34,13.2
10.0R,5,14,0.567,0.341,12.4
10.0R,5,16,0.603,0.341,11.8
10.0R,5,18,0.64,0.342,11.2
10.0R,6,2,0.34,0.325,28.6
10.0R,6,4,0.373,0.332,26.8
10.0R,6,6,0.409,0.34,25.0
10.0R,6,8,0.442,0.344,23.6
10.0R,6,10,0.475,0.347,22.4
10.0R,6,12,0.506,0.349,21.2
10.0R,6,14,0.537,0.349,20.2
10.0R,6,16,0.563,0.35,19.1
10.0R,6,18,0.597,0.35,18.3
10.0R,7,2,0.336,0.324,41.0
10.0R,7,4,0.365,0.331,39.1
10.0R,7,6,0.398,0.338,36.8
10.0R,7,8,0.428,0.344,34.7
10.0R,7,10,0.457,0.349,33.1
10.0R,7,12,0.485,0.352,31.6
10.0R,7,14,0.516,0.355,29.9
10.0R,7,16,0.543,0.357,28.7
10.0R,8,2,0.333,0.323,56.9
10.0R,8,4,0.358,0.33,54.2
10.0R,8,6,0.388,0.338,51.8
10.0R,8,8,0.414,0.344,49.2
10.0R,8,10,0.438,0.349,47.3
10.0R,8,12,0.464,0.353,45.4
10.0R,8,14,0.489,0.357,43.8
10.0R,9,2,0.33,0.323,75.7
10.0R,9,4,0.354,0.33,72.8
10.0R,9,6,0.38,0.338,69.6
10.0R,10,2,0.328,0.322,99.6
10.0R,10,4,0.35,0.328,95.9
10.0R,10,6,0.374,0.336,90.8
2.5YR,1,0,0.31,0.316,1.21
2.5YR,1,2,0.398,0.334,1.02
2.5YR,1,4,0.496,0.34,0.85
2.5YR,1,6,0.597,0.34,0.72
2.5YR,2,0,0.31,0.316,3.12
2.5YR,2,2,0.373,0.333,2.79
2.5YR,2,4,0.448,0.345,2.44
2.5YR,2,6,0.527,0.351,2.14
2.5YR,2,8,0.593,0.353,1.92
2.5YR,2,10,0.658,0.353,1.76
2.5YR,3,0,0.31,0.316,6.55
2.5YR,3,2,0.359,0.33,6.07
2.5YR,3,4,0.417,0.343,5.41
2.5YR,3,6,0.481,0.352,4.89
2.5YR,3,8,0.535,0.358,4.46
2.5YR,3,10,0.589,0.362,4.1
2.5YR,3,12,0.642,0.367,3.83
2.5YR,4,0,0.31,0.316,12.0
2.5YR,4,2,0.35,0.329,11.2
2.5YR,4,4,0.397,0.341,10.3
2.5YR,4,6,0.448,0.351,9.4
2.5YR,4,8,0.495,0.357,8.8
2.5YR,4,10,0.54,0.363,8.2
2.5YR,4,12,0.587,0.368,7.6
2.5YR,4,14,0.631,0.373,7.2
2.5YR,5,0,0.31,0.316,19.7
2.5YR,5,2,0.343,0.328,18.8
2.5YR,5,4,0.383,0.341,17.7
2.5YR,5,6,0.427,0.351,16.3
2.5YR,5,8,0.466,0.359,15.3
2.5YR,5,10,0.504,0.365,14.4
2.5YR,5,12,0.543,0.371,13.5
2.5YR,5,14,0.58,0.376,12.9
2.5YR,5,16,0.618,0.382,12.2
2.5YR,6,0,0.31,0.316,30.0
2.5YR,6,2,0.339,0.328,28.9
2.5YR,6,4,0.373,0.34,27.3
2.5YR,6,6,0.412,0.353,25.7
2.5YR,6,8,0.446,0.362,24.2
2.5YR,6,10,0.48,0.37,22.9
2.5YR,6,12,0.511,0.376,21.9
2.5YR,6,14,0.543,0.382,21.0
2.5YR,6,16,0.578,0.389,20.0
2.5YR,6,18,0.61,0.395,19.1
2.5YR,7,0,0.31,0.316,43.0
2.5YR,7,2,0.336,0.327,41.4
2.5YR,7,4,0.365,0.338,39.5
2.5YR,7,6,0.4,0.351,37.5
2.5YR,7,8,0.429,0.36,35.9
2.5YR,7,10,0.461,0.369,34.2
2.5YR,7,12,0.488,0.377,32.6
2.5YR,7,14,0.519,0.385,31.4
2.5YR,7,16,0.549,0.392,30.1
2.5YR,7,18,0.578,0.398,29.1
2.5YR,8,0,0.31,0.316,59.1
2.5YR,8,2,0.333,0.326,57.4
2.5YR,8,4,0.358,0.336,54.7
2.5YR,8,6,0.389,0.348,52.3
2.5YR,8,8,0.416,0.358,50.5
2.5YR,8,10,0.44,0.365,48.5
2.5YR,8,12,0.467,0.375,46.5
2.5YR,8,14,0.493,0.382,44.8
2.5YR,9,0,0.31,0.316,78.6
2.5YR,9,2,0.33,0.325,76.4
2.5YR,9,4,0.353,0.335,73.5
2.5YR,9,6,0.381,0.347,70.9
2.5YR,9,8,0.406,0.357,68.4
2.5YR,10,0,0.31,0.316,102.5
2.5YR,10,2,0.328,0.324,100.5
2.5YR,10,4,0.349,0.333,96.7
2.5YR,10,6,0.374,0.343,93.2
2.5YR,10,8,0.396,0.352,90.0
5.0YR,1,2,0.4,0.344,1.04
5.0YR,1,4,0.513,0.369,0.87
5.0YR,1,6,0.636,0.38,0.72
5.0YR,2,2,0.374,0.34,2.84
5.0YR,2,4,0.455,0.364,2.48
5.0YR,2,6,0.547,0.389,2.17
5.0YR,2,8,0.621,0.397,1.97
5.0YR,3,2,0.359,0.336,6.07
5.0YR,3,4,0.421,0.358,5.55
5.0YR,3,6,0.492,0.378,4.97
5.0YR,3,8,0.549,0.392,4.58
5.0YR,3,10,0.61,0.407,4.25
5.0YR,4,2,0.35,0.334,11.3
5.0YR,4,4,0.398,0.353,10.6
5.0YR,4,6,0.454,0.372,9.7
5.0YR,4,8,0.502,0.384,9.0
5.0YR,4,10,0.547,0.397,8.4
5.0YR,4,12,0.595,0.41,8.0
5.0YR,5,2,0.342,0.332,18.8
5.0YR,5,4,0.383,0.35,17.8
5.0YR,5,6,0.43,0.37,16.6
5.0YR,5,8,0.47,0.384,15.7
5.0YR,5,10,0.509,0.396,14.9
5.0YR,5,12,0.55,0.408,14.1
5.0YR,6,2,0.338,0.332,29.2
5.0YR,6,4,0.372,0.349,27.6
5.0YR,6,6,0.412,0.369,26.1
5.0YR,6,8,0.447,0.383,24.8
5.0YR,6,10,0.48,0.396,23.9
5.0YR,6,12,0.513,0.407,22.8
5.0YR,6,14,0.547,0.417,21.8
5.0YR,6,16,0.581,0.427,20.9
5.0YR,7,2,0.335,0.33,41.8
5.0YR,7,4,0.364,0.346,39.9
5.0YR,7,6,0.399,0.364,38.1
5.0YR,7,8,0.428,0.378,36.8
5.0YR,7,10,0.46,0.392,35.3
5.0YR,7,12,0.488,0.404,33.9
5.0YR,7,14,0.517,0.416,32.6
5.0YR,7,16,0.547,0.427,31.4
5.0YR,7,18,0.578,0.436,30.3
5.0YR,8,2,0.332,0.329,57.4
5.0YR,8,4,0.358,0.343,55.3
5.0YR,8,6,0.388,0.36,53.2
5.0YR,8,8,0.415,0.373,51.4
5.0YR,8,10,0.44,0.386,49.6
5.0YR,8,12,0.467,0.399,48.0
5.0YR,8,14,0.493,0.411,46.5
5.0YR,8,16,0.519,0.422,45.1
5.0YR,8,18,0.546,0.431,43.8
5.0YR,9,2,0.329,0.329,77.1
5.0YR,9,4,0.352,0.342,74.2
5.0YR,9,6,0.379,0.358,72.1
5.0YR,9,8,0.404,0.37,69.6
5.0YR,10,2,0.326,0.327,100.5
5.0YR,10,4,0.348,0.34,97.6
5.0YR,10,6,0.372,0.353,95.0
5.0YR,10,8,0.394,0.365,91.6
5.0YR,10,10,0.415,0.377,89.2
7.5YR,1,2,0.401,0.359,1.07
7.5YR,1,4,0.526,0.402,0.89
7.5YR,2,2,0.373,0.349,2.87
7.5YR,2,4,0.459,0.387,2.56
7.5YR,2,6,0.57,0.427,2.22
7.5YR,3,2,0.357,0.343,6.18
7.5YR,3,4,0.421,0.375,5.65
7.5YR,3,6,0.5,0.408,5.12
7.5YR,3,8,0.56,0.432,4.75
7.5YR,4,2,0.349,0.339,11.4
7.5YR,4,4,0.397,0.365,10.7
7.5YR,4,6,0.458,0.394,9.9
7.5YR,4,8,0.506,0.416,9.4
7.5YR,4,10,0.552,0.437,8.8
7.5YR,5,2,0.341,0.337,19.2
7.5YR,5,4,0.381,0.361,18.1
7.5YR,5,6,0.43,0.387,17.0
7.5YR,5,8,0.47,0.406,16.1
7.5YR,5,10,0.511,0.426,15.4
7.5YR,5,12,0.552,0.445,14.6
7.5YR,6,2,0.337,0.334,29.2
7.5YR,6,4,0.37,0.356,27.8
7.5YR,6,6,0.411,0.382,26.6
7.5YR,6,8,0.445,0.4,25.5
7.5YR,6,10,0.478,0.416,24.4
7.5YR,6,12,0.512,0.432,23.5
7.5YR,6,14,0.545,0.448,22.6
7.5YR,7,2,0.334,0.333,41.8
7.5YR,7,4,0.362,0.352,40.3
7.5YR,7,6,0.396,0.375,38.8
7.5YR,7,8,0.425,0.393,37.5
7.5YR,7,10,0.456,0.411,36.2
7.5YR,7,12,0.484,0.426,35.0
7.5YR,7,14,0.513,0.441,33.6
7.5YR,7,16,0.542,0.455,32.6
7.5YR,8,2,0.331,0.331,57.4
7.5YR,8,4,0.356,0.349,55.7
7.5YR,8,6,0.385,0.369,54.2
7.5YR,8,8,0.412,0.387,52.3
7.5YR,8,10,0.436,0.403,50.5
7.5YR,8,12,0.462,0.419,49.2
7.5YR,8,14,0.489,0.435,47.6
7.5YR,8,16,0.514,0.449,46.5
7.5YR,8,18,0.541,0.463,45.1
7.5YR,9,2,0.328,0.331,77.1
7.5YR,9,4,0.349,0.347,74.9
7.5YR,9,6,0.376,0.366,72.8
7.5YR,9,8,0.4,0.382,70.2
7.5YR,9,10,0.422,0.398,68.4
7.5YR,10,2,0.326,0.329,100.5
7.5YR,10,4,0.345,0.344,98.7
7.5YR,10,6,0.369,0.362,95.0
7.5YR,10,8,0.39,0.376,93.2
7.5YR,10,10,0.41,0.389,90.8
7.5YR,10,12,0.431,0.403,88.4
10.0YR,1,2,0.4,0.37,1.08
10.0YR,1,4,0.537,0.439,0.91
10.0YR,2,2,0.371,0.358,2.89
10.0YR,2,4,0.46,0.411,2.6
10.0YR,3,2,0.356,0.348,6.18
10.0YR,3,4,0.419,0.389,5.75
10.0YR,3,6,0.503,0.441,5.2
10.0YR,4,2,0.347,0.343,11.4
10.0YR,4,4,0.395,0.376,10.8
10.0YR,4,6,0.457,0.416,10.1
10.0YR,4,8,0.506,0.446,9.5
10.0YR,5,2,0.339,0.34,19.2
10.0YR,5,4,0.378,0.368,18.3
10.0YR,5,6,0.428,0.402,17.2
10.0YR,5,8,0.468,0.428,16.5
10.0YR,5,10,0.507,0.453,15.8
10.0YR,5,12,0.548,0.48,15.1
10.0YR,6,2,0.336,0.337,29.2
10.0YR,6,4,0.367,0.363,28.1
10.0YR,6,6,0.407,0.393,26.8
10.0YR,6,8,0.44,0.416,25.7
10.0YR,6,10,0.472,0.437,24.8
10.0YR,6,12,0.506,0.46,24.0
10.0YR,6,14,0.539,0.481,23.3
10.0YR,7,2,0.333,0.335,41.8
10.0YR,7,4,0.359,0.357,40.6
10.0YR,7,6,0.393,0.384,38.8
10.0YR,7,8,0.421,0.405,37.8
10.0YR,7,10,0.449,0.426,36.5
10.0YR,7,12,0.477,0.445,35.6
10.0YR,7,14,0.506,0.465,34.4
10.0YR,7,16,0.535,0.482,33.4
10.0YR,8,2,0.329,0.333,57.9
10.0YR,8,4,0.353,0.353,55.7
10.0YR,8,6,0.382,0.378,54.2
10.0YR,8,8,0.407,0.398,52.8
10.0YR,8,10,0.431,0.415,50.9
10.0YR,8,12,0.456,0.434,50.1
10.0YR,8,14,0.482,0.452,48.5
10.0YR,8,16,0.506,0.469,47.3
10.0YR,9,2,0.326,0.333,77.1
10.0YR,9,4,0.347,0.352,75.7
10.0YR,9,6,0.373,0.373,72.8
10.0YR,9,8,0.395,0.391,70.9
10.0YR,9,10,0.417,0.407,69.6
10.0YR,9,12,0.438,0.424,67.3
10.0YR,10,2,0.324,0.331,100.5
10.0YR,10,4,0.344,0.348,98.7
10.0YR,10,6,0.366,0.366,95.9
10.0YR,10,8,0.386,0.382,94.1
10.0YR,10,10,0.405,0.399,91.6
10.0YR,10,12,0.424,0.414,89.2
10.0YR,10,14,0.444,0.43,87.7
2.5Y,1,0,0.31,0.316,1.21
2.5Y,1,2,0.395,0.385,1.09
2.5Y,1,4,0.542,0.479,0.93
2.5Y,2,0,0.31,0.316,3.12
2.5Y,2,2,0.368,0.364,2.92
2.5Y,2,4,0.457,0.43,2.65
2.5Y,3,0,0.31,0.316,6.55
2.5Y,3,2,0.353,0.352,6.18
2.5Y,3,4,0.415,0.403,5.8
2.5Y,3,6,0.502,0.468,5.28
2.5Y,4,0,0.31,0.316,12.0
2.5Y,4,2,0.345,0.347,11.4
2.5Y,4,4,0.391,0.385,10.9
2.5Y,4,6,0.453,0.434,10.2
2.5Y,4,8,0.502,0.471,9.7
2.5Y,5,0,0.31,0.316,19.7
2.5Y,5,2,0.338,0.342,19.2
2.5Y,5,4,0.374,0.376,18.3
2.5Y,5,6,0.423,0.415,17.3
2.5Y,5,8,0.462,0.446,16.6
2.5Y,5,10,0.5,0.475,15.9
2.5Y,6,0,0.31,0.316,30.0
2.5Y,6,2,0.333,0.34,29.2
2.5Y,6,4,0.363,0.369,28.1
2.5Y,6,6,0.402,0.404,26.8
2.5Y,6,8,0.434,0.429,25.9
2.5Y,6,10,0.465,0.453,25.2
2.5Y,6,12,0.499,0.479,24.2
2.5Y,6,14,0.531,0.503,23.5
2.5Y,7,0,0.31,0.316,43.0
2.5Y,7,2,0.331,0.337,41.8
2.5Y,7,4,0.356,0.362,40.6
2.5Y,7,6,0.388,0.392,39.1
2.5Y,7,8,0.415,0.416,38.1
2.5Y,7,10,0.443,0.439,36.8
2.5Y,7,12,0.469,0.46,35.9
2.5Y,7,14,0.498,0.482,34.7
2.5Y,8,0,0.31,0.316,59.1
2.5Y,8,2,0.328,0.335,57.9
2.5Y,8,4,0.349,0.357,56.3
2.5Y,8,6,0.377,0.384,54.7
2.5Y,8,8,0.401,0.406,52.8
2.5Y,8,10,0.424,0.426,51.4
2.5Y,8,12,0.448,0.447,50.1
2.5Y,8,14,0.474,0.462,48.8
2.5Y,8,16,0.497,0.486,47.6
2.5Y,9,0,0.31,0.316,78.6
2.5Y,9,2,0.325,0.334,77.1
2.5Y,9,4,0.344,0.354,75.7
2.5Y,9,6,0.368,0.379,72.8
2.5Y,9,8,0.389,0.398,71.5
2.5Y,9,10,0.41,0.417,69.6
2.5Y,9,12,0.431,0.435,67.8
2.5Y,9,14,0.453,0.453,66.6
2.5Y,9,16,0.474,0.47,65.0
2.5Y,10,0,0.31,0.316,102.5
2.5Y,10,2,0.323,0.332,100.5
2.5Y,10,4,0.341,0.351,98.7
2.5Y,10,6,0.362,0.372,95.9
2.5Y,10,8,0.38,0.39,94.1
2.5Y,10,10,0.399,0.407,91.6
2.5Y,10,12,0.417,0.423,90.0
2.5Y,10,14,0.437,0.441,87.7
2.5Y,10,16,0.456,0.456,86.2
2.5Y,10,18,0.476,0.472,84.7
5.0Y,1,2,0.389,0.396,1.1
5.0Y,2,2,0.363,0.371,2.92
5.0Y,2,4,0.45,0.451,2.65
5.0Y,3,2,0.35,0.357,6.24
5.0Y,3,4,0.409,0.42,5.8
5.0Y,3,6,0.497,0.495,5.28
5.0Y,4,2,0.342,0.35,11.4
5.0Y,4,4,0.385,0.393,10.9
5.0Y,4,6,0.446,0.452,10.2
5.0Y,4,8,0.494,0.495,9.8
5.0Y,5,2,0.336,0.345,19.2
5.0Y,5,4,0.371,0.381,18.3
5.0Y,5,6,0.417,0.427,17.3
5.0Y,5,8,0.454,0.462,16.7
5.0Y,5,10,0.49,0.496,16.1
5.0Y,6,2,0.332,0.341,29.2
5.0Y,6,4,0.359,0.373,28.1
5.0Y,6,6,0.396,0.412,26.8
5.0Y,6,8,0.426,0.441,25.9
5.0Y,6,10,0.456,0.469,25.2
5.0Y,6,12,0.487,0.498,24.4
5.0Y,6,14,0.518,0.526,23.6
5.0Y,7,2,0.329,0.338,41.8
5.0Y,7,4,0.352,0.365,40.6
5.0Y,7,6,0.383,0.399,39.1
5.0Y,7,8,0.407,0.426,38.1
5.0Y,7,10,0.433,0.452,36.8
5.0Y,7,12,0.459,0.476,35.9
5.0Y,7,14,0.486,0.501,35.0
5.0Y,8,2,0.326,0.336,57.9
5.0Y,8,4,0.346,0.36,56.3
5.0Y,8,6,0.372,0.39,54.7
5.0Y,8,8,0.394,0.414,52.8
5.0Y,8,10,0.416,0.437,51.8
5.0Y,8,12,0.437,0.459,50.1
5.0Y,8,14,0.46,0.483,49.2
5.0Y,8,16,0.482,0.504,48.0
5.0Y,9,4,0.342,0.355,75.1
5.0Y,9,6,0.351,0.376,72.7
5.0Y,9,8,0.374,0.393,72.8
5.0Y,9,10,0.382,0.404,71.5
5.0Y,9,12,0.402,0.426,69.6
5.0Y,9,14,0.42,0.446,67.8
5.0Y,9,16,0.44,0.467,66.6
5.0Y,9,18,0.46,0.487,65.5
5.0Y,9,20,0.48,0.507,64.5
5.0Y,10,2,0.322,0.333,100.5
5.0Y,10,4,0.338,0.352,98.7
5.0Y,10,6,0.358,0.376,95.9
5.0Y,10,8,0.374,0.396,94.1
5.0Y,10,10,0.391,0.405,91.6
5.0Y,10,12,0.407,0.433,90.0
5.0Y,10,14,0.425,0.453,88.4
5.0Y,10,16,0.442,0.471,86.9
5.0Y,10,18,0.46,0.489,84.7
5.0Y,10,20,0.477,0.506,83.4
5.0Y,10,22,0.495,0.525,82.1
7.5Y,1,2,0.383,0.404,1.1
7.5Y,2,2,0.359,0.375,2.92
7.5Y,2,4,0.439,0.47,2.65
7.5Y,3,2,0.347,0.361,6.24
7.5Y,3,4,0.4,0.425,5.8
7.5Y,3,6,0.484,0.523,5.28
7.5Y,4,2,0.339,0.352,11.4
7.5Y,4,4,0.379,0.4,10.9
7.5Y,4,6,0.436,0.469,10.2
7.5Y,4,8,0.478,0.518,9.8
7.5Y,5,2,0.334,0.346,19.2
7.5Y,5,4,0.365,0.386,18.3
7.5Y,5,6,0.407,0.438,17.3
7.5Y,5,8,0.44,0.477,16.7
7.5Y,5,10,0.472,0.514,16.1
7.5Y,6,2,0.329,0.342,29.2
7.5Y,6,4,0.356,0.376,28.1
7.5Y,6,6,0.389,0.418,26.8
7.5Y,6,8,0.416,0.451,25.9
7.5Y,6,10,0.443,0.484,25.2
7.5Y,6,12,0.47,0.516,24.4
7.5Y,6,14,0.498,0.547,23.6
7.5Y,7,2,0.327,0.339,41.8
7.5Y,7,4,0.349,0.368,40.6
7.5Y,7,6,0.373,0.404,39.1
7.5Y,7,8,0.4,0.433,38.1
7.5Y,7,10,0.422,0.462,36.8
7.5Y,7,12,0.445,0.49,35.9
7.5Y,7,14,0.469,0.518,35.0
7.5Y,8,2,0.324,0.337,57.9
7.5Y,8,4,0.344,0.362,56.3
7.5Y,8,6,0.368,0.394,54.7
7.5Y,8,8,0.387,0.419,52.8
7.5Y,8,10,0.406,0.444,51.8
7.5Y,8,12,0.426,0.469,50.1
7.5Y,8,14,0.446,0.494,49.2
7.5Y,8,16,0.466,0.518,48.0
7.5Y,9,4,0.333,0.356,75.1
7.5Y,9,6,0.349,0.378,72.7
7.5Y,9,8,0.359,0.386,72.8
7.5Y,9,10,0.376,0.408,71.5
7.5Y,9,12,0.395,0.432,69.6
7.5Y,9,14,0.411,0.454,67.8
7.5Y,9,16,0.429,0.476,66.6
7.5Y,9,18,0.447,0.498,65.5
7.5Y,9,20,0.464,0.52,64.0
7.5Y,10,2,0.321,0.333,100.5
7.5Y,10,4,0.336,0.354,98.7
7.5Y,10,6,0.354,0.379,95.9
7.5Y,10,8,0.369,0.4,94.1
7.5Y,10,10,0.384,0.42,91.6
7.5Y,10,12,0.399,0.44,90.0
7.5Y,10,14,0.416,0.461,88.4
7.5Y,10,16,0.431,0.48,86.9
7.5Y,10,18,0.447,0.5,84.7
7.5Y,10,20,0.462,0.519,83.4
7.5Y,10,22,0.479,0.539,82.1
10.0Y,1,2,0.371,0.412,1.1
10.0Y,2,2,0.351,0.38,2.92
10.0Y,2,4,0.421,0.482,2.65
10.0Y,3,2,0.341,0.364,6.18
10.0Y,3,4,0.387,0.435,5.8
10.0Y,3,6,0.461,0.543,5.24
10.0Y,4,2,0.335,0.354,11.4
10.0Y,4,4,0.37,0.407,10.9
10.0Y,4,6,0.42,0.484,10.2
10.0Y,4,8,0.454,0.536,9.7
10.0Y,5,2,0.33,0.348,19.2
10.0Y,5,4,0.358,0.39,18.3
10.0Y,5,6,0.395,0.447,17.3
10.0Y,5,8,0.423,0.489,16.6
10.0Y,5,10,0.448,0.529,16.1
10.0Y,6,2,0.327,0.343,29.2
10.0Y,6,4,0.35,0.379,28.1
10.0Y,6,6,0.38,0.425,26.8
10.0Y,6,8,0.402,0.46,25.9
10.0Y,6,10,0.426,0.495,25.2
10.0Y,6,12,0.449,0.53,24.4
10.0Y,6,14,0.472,0.565,23.6
10.0Y,7,2,0.325,0.341,41.8
10.0Y,7,4,0.345,0.37,40.6
10.0Y,7,6,0.37,0.41,39.1
10.0Y,7,8,0.389,0.439,38.1
10.0Y,7,10,0.409,0.47,36.8
10.0Y,7,12,0.428,0.5,35.9
10.0Y,7,14,0.448,0.53,35.0
10.0Y,8,2,0.323,0.337,57.9
10.0Y,8,4,0.34,0.364,56.3
10.0Y,8,6,0.362,0.397,54.2
10.0Y,8,8,0.379,0.424,52.8
10.0Y,8,10,0.396,0.45,51.8
10.0Y,8,12,0.413,0.476,50.1
10.0Y,8,14,0.43,0.502,48.8
10.0Y,8,16,0.447,0.528,48.0
10.0Y,9,4,0.331,0.356,75.1
10.0Y,9,6,0.356,0.389,72.7
10.0Y,9,8,0.355,0.393,72.8
10.0Y,9,10,0.37,0.411,70.9
10.0Y,9,12,0.386,0.437,69.6
10.0Y,9,14,0.401,0.46,67.8
10.0Y,9,16,0.416,0.484,66.6
10.0Y,9,18,0.432,0.508,65.0
10.0Y,9,20,0.446,0.53,64.0
10.0Y,10,2,0.32,0.334,100.5
10.0Y,10,4,0.333,0.355,98.7
10.0Y,10,6,0.35,0.381,95.9
10.0Y,10,8,0.364,0.402,94.1
10.0Y,10,10,0.377,0.423,91.6
10.0Y,10,12,0.391,0.445,90.0
10.0Y,10,14,0.406,0.467,87.7
10.0Y,10,16,0.419,0.488,86.1
10.0Y,10,18,0.433,0.509,84.7
10.0Y,10,20,0.446,0.53,82.7
10.0Y,10,22,0.46,0.552,81.4
2.5GY,1,0,0.31,0.316,1.21
2.5GY,1,2,0.356,0.416,1.08
2.5GY,2,0,0.31,0.316,3.12
2.5GY,2,2,0.341,0.382,2.92
2.5GY,2,4,0.392,0.491,2.6
2.5GY,3,0,0.31,0.316,6.55
2.5GY,3,2,0.334,0.367,6.18
2.5GY,3,4,0.369,0.441,5.75
2.5GY,3,6,0.42,0.563,5.12
2.5GY,4,0,0.31,0.316,12.0
2.5GY,4,2,0.33,0.355,11.4
2.5GY,4,4,0.357,0.411,10.8
2.5GY,4,6,0.393,0.493,10.0
2.5GY,4,8,0.416,0.547,9.5
2.5GY,5,0,0.31,0.316,19.7
2.5GY,5,2,0.326,0.349,19.0
2.5GY,5,4,0.347,0.392,18.3
2.5GY,5,6,0.376,0.454,17.2
2.5GY,5,8,0.396,0.497,16.5
2.5GY,5,10,0.416,0.541,15.8
2.5GY,5,12,0.434,0.586,15.2
2.5GY,6,0,0.31,0.316,30.0
2.5GY,6,2,0.324,0.344,29.2
2.5GY,6,4,0.343,0.381,28.1
2.5GY,6,6,0.367,0.429,26.8
2.5GY,6,8,0.384,0.467,25.7
2.5GY,6,10,0.402,0.503,24.8
2.5GY,6,12,0.418,0.539,24.0
2.5GY,6,14,0.435,0.576,23.3
2.5GY,7,0,0.31,0.316,43.0
2.5GY,7,2,0.323,0.341,41.8
2.5GY,7,4,0.339,0.372,40.6
2.5GY,7,6,0.359,0.413,38.8
2.5GY,7,8,0.375,0.444,37.8
2.5GY,7,10,0.39,0.476,36.5
2.5GY,7,12,0.404,0.506,35.6
2.5GY,7,14,0.419,0.537,34.7
2.5GY,7,16,0.432,0.568,33.6
2.5GY,8,0,0.31,0.316,59.1
2.5GY,8,2,0.321,0.338,57.9
2.5GY,8,4,0.335,0.366,55.7
2.5GY,8,6,0.353,0.401,54.2
2.5GY,8,8,0.366,0.428,52.8
2.5GY,8,10,0.379,0.455,50.9
2.5GY,8,12,0.383,0.483,50.1
2.5GY,8,14,0.405,0.509,48.8
2.5GY,8,16,0.418,0.537,47.6
2.5GY,8,18,0.432,0.565,46.2
2.5GY,9,0,0.31,0.316,78.6
2.5GY,9,2,0.32,0.337,77.1
2.5GY,9,4,0.332,0.361,74.9
2.5GY,9,6,0.347,0.391,72.8
2.5GY,9,8,0.36,0.415,70.9
2.5GY,9,10,0.373,0.442,69.0
2.5GY,9,12,0.385,0.466,67.3
2.5GY,9,14,0.396,0.49,66.1
2.5GY,9,16,0.409,0.516,64.5
2.5GY,9,18,0.42,0.539,63.4
2.5GY,9,20,0.432,0.563,61.9
2.5GY,10,0,0.31,0.316,102.5
2.5GY,10,2,0.318,0.334,100.5
2.5GY,10,4,0.33,0.356,98.7
2.5GY,10,6,0.343,0.383,95.0
2.5GY,10,8,0.355,0.405,93.2
2.5GY,10,10,0.366,0.427,91.6
2.5GY,10,12,0.378,0.45,89.2
2.5GY,10,14,0.389,0.473,87.7
2.5GY,10,16,0.4,0.495,85.4
2.5GY,10,18,0.411,0.518,84.1
2.5GY,10,20,0.421,0.539,82.1
2.5GY,10,22,0.432,0.562,80.1
5.0GY,1,2,0.335,0.415,1.07
5.0GY,1,4,0.361,0.618,0.85
5.0GY,2,2,0.327,0.383,2.89
5.0GY,2,4,0.394,0.494,2.54
5.0GY,3,2,0.324,0.367,6.18
5.0GY,3,4,0.343,0.441,5.65
5.0GY,3,6,0.371,0.561,4.97
5.0GY,3,8,0.38,0.631,4.61
5.0GY,4,2,0.322,0.356,11.4
5.0GY,4,4,0.337,0.412,10.7
5.0GY,4,6,0.358,0.493,9.8
5.0GY,4,8,0.372,0.548,9.2
5.0GY,4,10,0.382,0.604,8.8
5.0GY,5,2,0.32,0.349,19.0
5.0GY,5,4,0.334,0.393,18.1
5.0GY,5,6,0.352,0.455,16.9
5.0GY,5,8,0.364,0.498,16.2
5.0GY,5,10,0.375,0.543,15.4
5.0GY,5,12,0.384,0.586,14.7
5.0GY,5,14,0.392,0.633,14.0
5.0GY,6,2,0.32,0.344,29.2
5.0GY,6,4,0.334,0.382,27.8
5.0GY,6,6,0.351,0.43,26.6
5.0GY,6,8,0.362,0.468,25.5
5.0GY,6,10,0.373,0.504,24.6
5.0GY,6,12,0.383,0.541,23.6
5.0GY,6,14,0.392,0.578,22.8
5.0GY,6,16,0.398,0.613,21.9
5.0GY,7,2,0.32,0.342,41.8
5.0GY,7,4,0.331,0.373,40.3
5.0GY,7,6,0.346,0.414,38.8
5.0GY,7,8,0.357,0.446,37.5
5.0GY,7,10,0.368,0.478,36.2
5.0GY,7,12,0.377,0.507,35.0
5.0GY,7,14,0.386,0.538,34.2
5.0GY,7,16,0.393,0.567,33.1
5.0GY,7,18,0.4,0.598,32.1
5.0GY,8,2,0.318,0.338,57.4
5.0GY,8,4,0.329,0.366,55.7
5.0GY,8,6,0.342,0.401,53.7
5.0GY,8,8,0.352,0.428,52.3
5.0GY,8,10,0.362,0.457,50.5
5.0GY,8,12,0.371,0.484,49.2
5.0GY,8,14,0.38,0.511,48.0
5.0GY,8,16,0.388,0.54,46.9
5.0GY,8,18,0.395,0.567,45.4
5.0GY,8,20,0.401,0.595,44.4
5.0GY,9,2,0.317,0.337,77.1
5.0GY,9,4,0.327,0.361,74.9
5.0GY,9,6,0.339,0.392,72.1
5.0GY,9,8,0.348,0.417,70.2
5.0GY,9,10,0.358,0.443,69.0
5.0GY,9,12,0.367,0.468,66.6
5.0GY,9,14,0.375,0.492,65.0
5.0GY,9,16,0.383,0.518,63.4
5.0GY,9,18,0.391,0.543,62.5
5.0GY,9,20,0.397,0.568,60.5
5.0GY,9,22,0.403,0.598,59.2
5.0GY,10,2,0.317,0.335,100.5
5.0GY,10,4,0.325,0.356,97.6
5.0GY,10,6,0.336,0.384,95.0
5.0GY,10,8,0.345,0.407,92.4
5.0GY,10,10,0.354,0.429,90.8
5.0GY,10,12,0.363,0.452,88.4
5.0GY,10,14,0.371,0.474,86.9
5.0GY,10,16,0.379,0.497,84.7
5.0GY,10,18,0.386,0.52,82.7
5.0GY,10,20,0.392,0.541,80.7
5.0GY,10,22,0.398,0.569,79.5
5.0GY,10,24,0.403,0.585,77.7
7.5GY,1,2,0.315,0.41,1.06
7.5GY,1,4,0.301,0.586,0.85
7.5GY,2,2,0.315,0.379,2.87
7.5GY,2,4,0.32,0.483,2.5
7.5GY,2,6,0.305,0.654,2.03
7.5GY,3,2,0.314,0.365,6.13
7.5GY,3,4,0.319,0.434,5.55
7.5GY,3,6,0.323,0.543,4.89
7.5GY,3,8,0.319,0.609,4.52
7.5GY,3,10,0.31,0.67,4.23
7.5GY,4,2,0.314,0.354,11.3
7.5GY,4,4,0.318,0.407,10.6
7.5GY,4,6,0.324,0.483,9.7
7.5GY,4,8,0.326,0.535,9.0
7.5GY,4,10,0.326,0.587,8.6
7.5GY,4,12,0.323,0.638,8.1
7.5GY,4,14,0.316,0.687,7.6
7.5GY,5,2,0.314,0.348,18.8
7.5GY,5,4,0.319,0.391,17.8
7.5GY,5,6,0.325,0.448,16.6
7.5GY,5,8,0.328,0.49,15.8
7.5GY,5,10,0.331,0.532,15.1
7.5GY,5,12,0.332,0.572,14.4
7.5GY,5,14,0.331,0.613,13.7
7.5GY,5,16,0.328,0.65,13.2
7.5GY,5,18,0.324,0.687,12.6
7.5GY,6,2,0.315,0.344,28.9
7.5GY,6,4,0.322,0.38,27.6
7.5GY,6,6,0.33,0.427,26.1
7.5GY,6,8,0.334,0.463,25.0
7.5GY,6,10,0.338,0.497,24.2
7.5GY,6,12,0.342,0.532,23.1
7.5GY,6,14,0.344,0.566,22.3
7.5GY,6,16,0.345,0.6,21.5
7.5GY,6,18,0.344,0.63,20.7
7.5GY,6,20,0.343,0.662,20.0
7.5GY,7,2,0.316,0.342,41.8
7.5GY,7,4,0.321,0.372,40.3
7.5GY,7,6,0.329,0.412,38.1
7.5GY,7,8,0.333,0.443,36.8
7.5GY,7,10,0.337,0.473,35.6
7.5GY,7,12,0.341,0.503,34.4
7.5GY,7,14,0.343,0.531,33.1
7.5GY,7,16,0.346,0.561,32.1
7.5GY,7,18,0.347,0.589,31.2
7.5GY,7,20,0.347,0.618,30.3
7.5GY,7,22,0.347,0.646,29.3
7.5GY,8,2,0.314,0.338,57.4
7.5GY,8,4,0.32,0.366,55.3
7.5GY,8,6,0.327,0.4,53.2
7.5GY,8,8,0.332,0.422,51.4
7.5GY,8,10,0.336,0.453,50.1
7.5GY,8,12,0.339,0.478,48.5
7.5GY,8,14,0.342,0.505,47.3
7.5GY,8,16,0.345,0.532,45.4
7.5GY,8,18,0.346,0.556,44.4
7.5GY,8,20,0.348,0.582,43.1
7.5GY,8,22,0.348,0.607,42.2
7.5GY,8,24,0.348,0.633,41.0
7.5GY,9,2,0.314,0.337,76.4
7.5GY,9,4,0.32,0.361,74.2
7.5GY,9,6,0.326,0.391,71.5
7.5GY,9,8,0.331,0.416,69.6
7.5GY,9,10,0.335,0.44,67.3
7.5GY,9,12,0.339,0.464,65.5
7.5GY,9,14,0.341,0.488,64.0
7.5GY,9,16,0.343,0.512,62.5
7.5GY,9,18,0.345,0.536,60.5
7.5GY,9,20,0.346,0.561,58.7
7.5GY,9,22,0.348,0.588,57.0
7.5GY,9,24,0.35,0.612,55.8
7.5GY,10,2,0.313,0.334,100.5
7.5GY,10,4,0.318,0.356,97.6
7.5GY,10,6,0.324,0.383,94.1
7.5GY,10,8,0.329,0.406,91.6
7.5GY,10,10,0.334,0.427,89.2
7.5GY,10,12,0.337,0.448,86.9
7.5GY,10,14,0.34,0.47,84.7
7.5GY,10,16,0.343,0.491,83.4
7.5GY,10,18,0.345,0.512,81.4
7.5GY,10,20,0.347,0.533,78.9
7.5GY,10,22,0.349,0.554,77.1
7.5GY,10,24,0.35,0.573,75.4
7.5GY,10,26,0.351,0.593,73.7
10.0GY,1,2,0.294,0.398,1.04
10.0GY,1,4,0.252,0.586,0.84
10.0GY,2,2,0.302,0.373,2.82
10.0GY,2,4,0.287,0.463,2.46
10.0GY,2,6,0.252,0.61,2.0
10.0GY,2,8,0.222,0.685,1.82
10.0GY,2,10,0.191,0.75,1.66
10.0GY,3,2,0.305,0.361,6.07
10.0GY,3,4,0.297,0.422,5.51
10.0GY,3,6,0.282,0.516,4.82
10.0GY,3,8,0.27,0.573,4.46
10.0GY,3,10,0.254,0.629,4.15
10.0GY,3,12,0.235,0.68,3.88
10.0GY,3,14,0.212,0.627,3.64
10.0GY,3,16,0.188,0.773,3.42
10.0GY,4,2,0.307,0.351,11.3
10.0GY,4,4,0.302,0.399,10.4
10.0GY,4,6,0.294,0.466,9.5
10.0GY,4,8,0.286,0.512,9.0
10.0GY,4,10,0.278,0.557,8.4
10.0GY,4,12,0.268,0.602,7.9
10.0GY,4,14,0.255,0.645,7.5
10.0GY,4,16,0.24,0.685,7.1
10.0GY,4,18,0.222,0.723,6.7
10.0GY,4,20,0.202,0.759,6.4
10.0GY,4,22,0.183,0.792,6.1
10.0GY,5,2,0.309,0.347,18.8
10.0GY,5,4,0.305,0.385,17.7
10.0GY,5,6,0.301,0.437,16.3
10.0GY,5,8,0.297,0.474,15.6
10.0GY,5,10,0.292,0.51,14.7
10.0GY,5,12,0.287,0.546,14.1
10.0GY,5,14,0.28,0.581,13.5
10.0GY,5,16,0.272,0.614,12.9
10.0GY,5,18,0.262,0.646,12.4
10.0GY,5,20,0.251,0.676,11.9
10.0GY,5,22,0.237,0.707,11.4
10.0GY,5,24,0.223,0.737,11.0
10.0GY,5,26,0.207,0.765,10.6
10.0GY,6,2,0.311,0.343,28.9
10.0GY,6,4,0.31,0.376,27.3
10.0GY,6,6,0.308,0.419,25.7
10.0GY,6,8,0.306,0.452,24.6
10.0GY,6,10,0.304,0.482,23.6
10.0GY,6,12,0.301,0.512,22.8
10.0GY,6,14,0.297,0.542,21.9
10.0GY,6,16,0.291,0.572,21.0
10.0GY,6,18,0.285,0.6,20.3
10.0GY,6,20,0.277,0.629,19.5
10.0GY,6,22,0.268,0.656,18.9
10.0GY,6,24,0.258,0.687,18.1
10.0GY,6,26,0.247,0.714,17.5
10.0GY,6,28,0.236,0.739,17.0
10.0GY,7,2,0.311,0.34,41.4
10.0GY,7,4,0.311,0.369,39.9
10.0GY,7,6,0.31,0.406,37.8
10.0GY,7,8,0.309,0.433,36.2
10.0GY,7,10,0.308,0.462,35.0
10.0GY,7,12,0.305,0.491,33.6
10.0GY,7,14,0.303,0.518,32.4
10.0GY,7,16,0.299,0.546,31.4
10.0GY,7,18,0.294,0.572,30.3
10.0GY,7,20,0.289,0.598,29.3
10.0GY,7,22,0.283,0.623,28.3
10.0GY,7,24,0.277,0.647,27.4
10.0GY,7,26,0.27,0.673,26.6
10.0GY,7,28,0.262,0.697,25.8
10.0GY,7,30,0.253,0.721,25.0
10.0GY,7,32,0.244,0.743,24.3
10.0GY,8,2,0.31,0.337,57.4
10.0GY,8,4,0.311,0.362,55.3
10.0GY,8,6,0.311,0.395,52.8
10.0GY,8,8,0.31,0.418,50.5
10.0GY,8,10,0.309,0.452,48.8
10.0GY,8,12,0.308,0.467,47.6
10.0GY,8,14,0.307,0.491,46.2
10.0GY,8,16,0.304,0.515,44.8
10.0GY,8,18,0.3,0.537,43.4
10.0GY,8,20,0.297,0.56,42.2
10.0GY,8,22,0.293,0.582,41.0
10.0GY,8,24,0.289,0.605,40.0
10.0GY,8,26,0.285,0.629,38.7
10.0GY,8,28,0.281,0.651,37.6
10.0GY,8,30,0.274,0.675,36.7
10.0GY,8,32,0.269,0.695,35.8
10.0GY,8,34,0.262,0.718,34.8
10.0GY,9,2,0.31,0.335,76.4
10.0GY,9,4,0.31,0.358,73.5
10.0GY,9,6,0.311,0.387,70.9
10.0GY,9,8,0.311,0.409,68.4
10.0GY,9,10,0.311,0.432,66.6
10.0GY,9,12,0.31,0.454,64.5
10.0GY,9,14,0.309,0.477,62.9
10.0GY,9,16,0.307,0.498,61.0
10.0GY,9,18,0.305,0.52,59.2
10.0GY,9,20,0.302,0.541,57.8
10.0GY,9,22,0.298,0.563,56.2
10.0GY,9,24,0.294,0.583,54.6
10.0GY,10,2,0.31,0.333,99.6
10.0GY,10,4,0.31,0.354,96.7
10.0GY,10,6,0.311,0.379,93.2
10.0GY,10,8,0.311,0.401,91.6
10.0GY,10,10,0.311,0.419,87.7
10.0GY,10,12,0.311,0.44,85.4
10.0GY,10,14,0.31,0.459,83.4
10.0GY,10,16,0.309,0.478,81.4
10.0GY,10,18,0.308,0.497,79.5
10.0GY,10,20,0.307,0.516,77.7
10.0GY,10,22,0.305,0.534,76.0
10.0GY,10,24,0.303,0.553,74.4
10.0GY,10,26,0.301,0.571,72.2
2.5G,1,0,0.31,0.316,1.21
2.5G,1,2,0.279,0.386,1.03
2.5G,1,4,0.22,0.491,0.84
2.5G,1,6,0.096,0.657,0.62
2.5G,2,0,0.31,0.316,3.12
2.5G,2,2,0.292,0.366,2.82
2.5G,2,4,0.26,0.435,2.44
2.5G,2,6,0.203,0.535,2.02
2.5G,2,8,0.164,0.59,1.83
2.5G,2,10,0.125,0.645,1.67
2.5G,2,12,0.085,0.698,1.54
2.5G,2,14,0.044,0.751,1.43
2.5G,3,0,0.31,0.316,6.55
2.5G,3,2,0.297,0.356,6.01
2.5G,3,4,0.277,0.406,5.46
2.5G,3,6,0.244,0.473,4.82
2.5G,3,8,0.22,0.518,4.43
2.5G,3,10,0.194,0.559,4.12
2.5G,3,12,0.167,0.599,3.81
2.5G,3,14,0.139,0.639,3.58
2.5G,3,16,0.11,0.679,3.38
2.5G,3,18,0.081,0.717,3.2
2.5G,3,20,0.051,0.756,3.02
2.5G,4,0,0.31,0.316,12.0
2.5G,4,2,0.301,0.348,11.2
2.5G,4,4,0.287,0.389,10.3
2.5G,4,6,0.265,0.439,9.4
2.5G,4,8,0.247,0.475,8.8
2.5G,4,10,0.228,0.509,8.3
2.5G,4,12,0.209,0.544,7.7
2.5G,4,14,0.188,0.577,7.3
2.5G,4,16,0.166,0.611,6.9
2.5G,4,18,0.144,0.642,6.6
2.5G,4,20,0.122,0.674,6.3
2.5G,4,22,0.099,0.705,6.0
2.5G,4,24,0.074,0.737,5.7
2.5G,4,26,0.051,0.767,5.5
2.5G,5,0,0.31,0.316,19.7
2.5G,5,2,0.303,0.344,18.6
2.5G,5,4,0.293,0.377,17.5
2.5G,5,6,0.277,0.419,16.5
2.5G,5,8,0.265,0.449,15.3
2.5G,5,10,0.251,0.478,14.5
2.5G,5,12,0.236,0.506,13.8
2.5G,5,14,0.221,0.532,13.2
2.5G,5,16,0.204,0.562,12.5
2.5G,5,18,0.19,0.586,12.0
2.5G,5,20,0.171,0.616,11.4
2.5G,5,22,0.153,0.643,11.0
2.5G,5,24,0.135,0.658,10.5
2.5G,5,26,0.117,0.694,10.1
2.5G,5,28,0.099,0.718,9.8
2.5G,5,30,0.08,0.742,9.5
2.5G,5,32,0.061,0.767,9.2
2.5G,6,0,0.31,0.316,30.0
2.5G,6,2,0.305,0.341,28.6
2.5G,6,4,0.298,0.369,27.3
2.5G,6,6,0.286,0.404,25.5
2.5G,6,8,0.276,0.431,24.2
2.5G,6,10,0.266,0.457,23.1
2.5G,6,12,0.256,0.481,22.3
2.5G,6,14,0.244,0.508,21.2
2.5G,6,16,0.231,0.532,20.3
2.5G,6,18,0.219,0.555,19.5
2.5G,6,20,0.205,0.58,18.8
2.5G,6,22,0.191,0.602,18.0
2.5G,6,24,0.176,0.626,17.4
2.5G,6,26,0.162,0.648,16.8
2.5G,6,28,0.146,0.672,16.2
2.5G,6,30,0.132,0.694,15.7
2.5G,6,32,0.116,0.711,15.2
2.5G,7,0,0.31,0.316,43.0
2.5G,7,2,0.306,0.338,41.4
2.5G,7,4,0.3,0.363,39.5
2.5G,7,6,0.292,0.394,37.5
2.5G,7,8,0.284,0.417,35.9
2.5G,7,10,0.281,0.441,34.4
2.5G,7,12,0.268,0.464,32.9
2.5G,7,14,0.259,0.486,31.9
2.5G,7,16,0.249,0.51,30.5
2.5G,7,18,0.24,0.53,29.7
2.5G,7,20,0.239,0.551,28.5
2.5G,7,22,0.219,0.571,27.6
2.5G,7,24,0.207,0.592,26.7
2.5G,7,26,0.196,0.611,25.8
2.5G,7,28,0.184,0.631,25.0
2.5G,7,30,0.173,0.649,24.3
2.5G,7,32,0.161,0.667,23.6
2.5G,7,34,0.148,0.686,23.0
2.5G,8,0,0.31,0.316,59.1
2.5G,8,2,0.306,0.335,56.9
2.5G,8,4,0.302,0.358,54.7
2.5G,8,6,0.295,0.385,52.3
2.5G,8,8,0.289,0.406,50.1
2.5G,8,10,0.283,0.427,48.5
2.5G,8,12,0.275,0.449,46.5
2.5G,8,14,0.268,0.469,45.1
2.5G,8,16,0.261,0.489,43.7
2.5G,8,18,0.253,0.509,42.1
2.5G,8,20,0.244,0.528,41.0
2.5G,8,22,0.235,0.549,39.7
2.5G,8,24,0.225,0.568,38.4
2.5G,8,26,0.216,0.586,37.2
2.5G,8,28,0.205,0.605,36.1
2.5G,8,30,0.195,0.623,35.2
2.5G,9,0,0.31,0.316,78.6
2.5G,9,2,0.306,0.333,76.4
2.5G,9,4,0.302,0.354,73.5
2.5G,9,6,0.297,0.378,70.2
2.5G,9,8,0.292,0.398,67.8
2.5G,9,10,0.287,0.419,65.5
2.5G,9,12,0.281,0.437,63.4
2.5G,9,14,0.275,0.456,61.4
2.5G,9,16,0.269,0.475,59.6
2.5G,9,18,0.262,0.494,57.8
2.5G,9,20,0.256,0.512,56.2
2.5G,10,0,0.31,0.316,102.5
2.5G,10,2,0.306,0.332,99.6
2.5G,10,4,0.303,0.35,95.9
2.5G,10,6,0.298,0.372,92.4
2.5G,10,8,0.294,0.391,90.0
2.5G,10,10,0.29,0.408,86.9
2.5G,10,12,0.286,0.426,84.1
2.5G,10,14,0.281,0.443,82.1
2.5G,10,16,0.276,0.46,80.1
2.5G,10,18,0.271,0.477,77.7
2.5G,10,20,0.266,0.495,76.8
5.0G,1,2,0.27,0.376,1.03
5.0G,1,4,0.199,0.456,0.83
5.0G,1,6,0.078,0.566,0.64
5.0G,2,2,0.284,0.359,2.79
5.0G,2,4,0.243,0.414,2.42
5.0G,2,6,0.176,0.484,2.03
5.0G,2,8,0.129,0.526,1.83
5.0G,2,10,0.081,0.566,1.67
5.0G,2,12,0.033,0.606,1.53
5.0G,2,14,-0.022,0.647,1.4
5.0G,3,2,0.291,0.35,6.01
5.0G,3,4,0.263,0.391,5.41
5.0G,3,6,0.221,0.441,4.79
5.0G,3,8,0.188,0.476,4.37
5.0G,3,10,0.156,0.506,4.07
5.0G,3,12,0.12,0.537,3.77
5.0G,3,14,0.085,0.565,3.53
5.0G,3,16,0.049,0.596,3.3
5.0G,3,18,0.012,0.625,3.09
5.0G,4,2,0.296,0.344,11.2
5.0G,4,4,0.275,0.377,10.3
5.0G,4,6,0.245,0.416,9.4
5.0G,4,8,0.221,0.444,8.7
5.0G,4,10,0.195,0.471,8.1
5.0G,4,12,0.168,0.498,7.6
5.0G,4,14,0.141,0.522,7.2
5.0G,4,16,0.114,0.547,6.8
5.0G,4,18,0.087,0.57,6.5
5.0G,4,20,0.058,0.594,6.1
5.0G,4,22,0.031,0.617,5.8
5.0G,4,24,0.002,0.64,5.5
5.0G,5,2,0.298,0.34,18.6
5.0G,5,4,0.282,0.367,17.5
5.0G,5,6,0.259,0.399,16.1
5.0G,5,8,0.24,0.424,15.1
5.0G,5,10,0.221,0.447,14.3
5.0G,5,12,0.198,0.47,13.4
5.0G,5,14,0.179,0.49,12.8
5.0G,5,16,0.157,0.511,12.2
5.0G,5,18,0.134,0.531,11.6
5.0G,5,20,0.111,0.551,11.1
5.0G,5,22,0.089,0.57,10.7
5.0G,5,24,0.066,0.589,10.2
5.0G,6,2,0.301,0.337,28.6
5.0G,6,4,0.288,0.36,27.1
5.0G,6,6,0.27,0.388,25.2
5.0G,6,8,0.254,0.411,23.9
5.0G,6,10,0.237,0.432,22.8
5.0G,6,12,0.221,0.451,21.8
5.0G,6,14,0.202,0.471,20.6
5.0G,6,16,0.184,0.49,19.7
5.0G,6,18,0.166,0.508,18.9
5.0G,6,20,0.147,0.527,18.1
5.0G,6,22,0.127,0.545,17.4
5.0G,6,24,0.108,0.563,16.7
5.0G,6,26,0.088,0.581,16.1
5.0G,7,2,0.301,0.335,41.4
5.0G,7,4,0.29,0.355,39.5
5.0G,7,6,0.281,0.38,37.1
5.0G,7,8,0.264,0.4,35.3
5.0G,7,10,0.251,0.417,33.9
5.0G,7,12,0.239,0.434,32.4
5.0G,7,14,0.225,0.452,31.2
5.0G,7,16,0.212,0.468,30.1
5.0G,7,18,0.198,0.485,29.1
5.0G,7,20,0.173,0.502,27.9
5.0G,7,22,0.168,0.518,26.9
5.0G,7,24,0.154,0.532,26.1
5.0G,7,26,0.138,0.547,25.2
5.0G,7,28,0.124,0.559,24.6
5.0G,8,2,0.302,0.333,56.9
5.0G,8,4,0.292,0.351,54.7
5.0G,8,6,0.28,0.372,51.8
5.0G,8,8,0.269,0.39,49.6
5.0G,8,10,0.258,0.407,47.6
5.0G,8,12,0.247,0.424,45.8
5.0G,8,14,0.234,0.442,44.1
5.0G,8,16,0.223,0.458,42.5
5.0G,8,18,0.212,0.475,41.3
5.0G,8,20,0.199,0.492,39.7
5.0G,8,22,0.186,0.51,38.4
5.0G,9,2,0.303,0.331,76.4
5.0G,9,4,0.294,0.348,72.8
5.0G,9,6,0.283,0.367,69.6
5.0G,9,8,0.273,0.384,67.3
5.0G,9,10,0.264,0.401,64.5
5.0G,9,12,0.254,0.417,62.9
5.0G,9,14,0.243,0.432,60.0
5.0G,10,2,0.303,0.33,99.6
5.0G,10,4,0.295,0.345,95.9
5.0G,10,6,0.286,0.362,91.6
5.0G,10,8,0.278,0.378,88.4
5.0G,10,10,0.269,0.393,86.2
5.0G,10,12,0.26,0.407,82.7
5.0G,10,14,0.251,0.422,80.1
5.0G,10,16,0.242,0.436,77.7
7.5G,1,2,0.258,0.362,1.02
7.5G,1,4,0.179,0.416,0.83
7.5G,1,6,0.063,0.481,0.66
7.5G,2,2,0.276,0.35,2.77
7.5G,2,4,0.226,0.39,2.4
7.5G,2,6,0.158,0.437,2.04
7.5G,2,8,0.105,0.468,1.84
7.5G,2,10,0.053,0.498,1.66
7.5G,2,12,0.0,0.529,1.53
7.5G,3,2,0.285,0.343,5.96
7.5G,3,4,0.25,0.375,5.38
7.5G,3,6,0.203,0.412,4.79
7.5G,3,8,0.165,0.437,4.34
7.5G,3,10,0.129,0.461,4.02
7.5G,3,12,0.089,0.475,3.72
7.5G,3,14,0.05,0.498,3.45
7.5G,3,16,0.01,0.531,3.24
7.5G,4,2,0.291,0.339,11.1
7.5G,4,4,0.264,0.365,10.1
7.5G,4,6,0.23,0.394,9.3
7.5G,4,8,0.201,0.416,8.6
7.5G,4,10,0.171,0.437,8.1
7.5G,4,12,0.139,0.459,7.5
7.5G,4,14,0.109,0.478,7.1
7.5G,4,16,0.078,0.498,6.7
7.5G,4,18,0.048,0.516,6.3
7.5G,4,20,0.016,0.535,6.0
7.5G,5,2,0.293,0.336,18.5
7.5G,5,4,0.272,0.358,17.3
7.5G,5,6,0.246,0.383,15.9
7.5G,5,8,0.222,0.402,15.0
7.5G,5,10,0.2,0.42,14.1
7.5G,5,12,0.175,0.438,13.3
7.5G,5,14,0.152,0.456,12.6
7.5G,5,16,0.127,0.472,12.1
7.5G,5,18,0.102,0.488,11.4
7.5G,5,20,0.077,0.505,10.9
7.5G,5,22,0.053,0.521,10.4
7.5G,6,2,0.297,0.333,28.6
7.5G,6,4,0.28,0.353,26.8
7.5G,6,6,0.258,0.374,25.0
7.5G,6,8,0.239,0.393,23.6
7.5G,6,10,0.219,0.41,22.4
7.5G,6,12,0.2,0.426,21.5
7.5G,6,14,0.18,0.442,20.3
7.5G,6,16,0.159,0.458,19.4
7.5G,6,18,0.139,0.472,18.7
7.5G,6,20,0.177,0.488,17.9
7.5G,6,22,0.098,0.503,17.2
7.5G,6,24,0.077,0.517,16.5
7.5G,7,2,0.298,0.332,41.0
7.5G,7,4,0.288,0.348,39.5
7.5G,7,6,0.266,0.368,36.8
7.5G,7,8,0.25,0.384,35.0
7.5G,7,10,0.235,0.399,33.4
7.5G,7,12,0.22,0.413,32.1
7.5G,7,14,0.203,0.429,30.7
7.5G,7,16,0.189,0.442,29.7
7.5G,7,18,0.174,0.457,28.5
7.5G,7,20,0.157,0.471,27.4
7.5G,7,22,0.14,0.485,26.6
7.5G,7,24,0.126,0.498,25.6
7.5G,8,2,0.299,0.331,56.9
7.5G,8,4,0.286,0.346,54.2
7.5G,8,6,0.272,0.363,51.4
7.5G,8,8,0.258,0.378,49.2
7.5G,8,10,0.244,0.392,46.9
7.5G,8,12,0.231,0.406,45.1
7.5G,8,14,0.216,0.421,43.4
7.5G,8,16,0.202,0.435,41.6
7.5G,8,18,0.188,0.449,40.5
7.5G,8,20,0.173,0.463,38.9
7.5G,9,2,0.3,0.329,76.4
7.5G,9,4,0.289,0.344,72.8
7.5G,9,6,0.276,0.36,69.6
7.5G,9,8,0.263,0.375,66.6
7.5G,9,10,0.25,0.388,64.0
7.5G,9,12,0.237,0.401,61.9
7.5G,10,2,0.301,0.328,99.6
7.5G,10,4,0.291,0.341,95.0
7.5G,10,6,0.279,0.356,91.6
7.5G,10,8,0.268,0.368,87.7
7.5G,10,10,0.257,0.381,84.7
7.5G,10,12,0.246,0.393,82.1
7.5G,10,14,0.235,0.406,82.7
10.0G,1,2,0.249,0.347,1.02
10.0G,1,4,0.168,0.38,0.83
10.0G,1,6,0.063,0.405,0.68
10.0G,2,2,0.268,0.339,2.74
10.0G,2,4,0.214,0.365,2.39
10.0G,2,6,0.145,0.394,2.04
10.0G,2,8,0.09,0.413,1.84
10.0G,2,10,0.033,0.427,1.67
10.0G,3,2,0.278,0.335,5.96
10.0G,3,4,0.238,0.356,5.33
10.0G,3,6,0.19,0.379,4.71
10.0G,3,8,0.149,0.396,4.31
10.0G,3,10,0.109,0.412,3.97
10.0G,3,12,0.069,0.427,3.7
10.0G,3,14,0.022,0.443,3.42
10.0G,4,2,0.285,0.332,11.1
10.0G,4,4,0.253,0.349,10.1
10.0G,4,6,0.211,0.369,9.2
10.0G,4,8,0.183,0.384,8.4
10.0G,4,10,0.15,0.4,7.9
10.0G,4,12,0.114,0.415,7.4
10.0G,4,14,0.08,0.429,6.9
10.0G,4,16,0.044,0.443,6.5
10.0G,5,2,0.289,0.331,18.5
10.0G,5,4,0.263,0.346,17.2
10.0G,5,6,0.233,0.362,15.7
10.0G,5,8,0.205,0.377,14.6
10.0G,5,10,0.18,0.389,13.8
10.0G,5,12,0.153,0.401,13.1
10.0G,5,14,0.125,0.415,12.4
10.0G,5,16,0.098,0.428,11.7
10.0G,5,18,0.071,0.44,11.2
10.0G,5,20,0.033,0.452,10.6
10.0G,6,2,0.293,0.329,28.3
10.0G,6,4,0.272,0.343,26.6
10.0G,6,6,0.247,0.358,24.8
10.0G,6,8,0.225,0.372,23.5
10.0G,6,10,0.203,0.384,22.1
10.0G,6,12,0.181,0.396,21.2
10.0G,6,14,0.156,0.409,19.9
10.0G,6,16,0.135,0.42,19.1
10.0G,6,18,0.113,0.431,18.3
10.0G,6,20,0.09,0.442,17.5
10.0G,7,2,0.294,0.328,41.0
10.0G,7,4,0.277,0.341,38.8
10.0G,7,6,0.256,0.355,36.5
10.0G,7,8,0.237,0.366,34.7
10.0G,7,10,0.218,0.378,32.9
10.0G,7,12,0.2,0.389,31.4
10.0G,7,14,0.181,0.4,30.1
10.0G,7,16,0.164,0.41,29.1
10.0G,7,18,0.146,0.42,27.9
10.0G,7,20,0.126,0.429,26.9
10.0G,8,2,0.296,0.327,56.3
10.0G,8,4,0.28,0.339,53.7
10.0G,8,6,0.262,0.351,50.9
10.0G,8,8,0.246,0.362,48.5
10.0G,8,10,0.229,0.373,46.5
10.0G,8,12,0.213,0.384,44.4
10.0G,8,14,0.196,0.394,42.8
10.0G,8,16,0.179,0.405,41.0
10.0G,8,18,0.162,0.414,39.4
10.0G,9,2,0.297,0.327,75.7
10.0G,9,4,0.283,0.337,72.1
10.0G,9,6,0.267,0.35,69.0
10.0G,9,8,0.251,0.361,65.5
10.0G,9,10,0.236,0.371,62.5
10.0G,9,12,0.227,0.377,60.0
10.0G,10,2,0.298,0.325,99.6
10.0G,10,4,0.285,0.335,95.0
10.0G,10,6,0.272,0.346,90.8
10.0G,10,8,0.257,0.357,86.9
10.0G,10,10,0.245,0.365,84.1
10.0G,10,12,0.232,0.374,80.7
2.5BG,1,0,0.31,0.316,1.21
2.5BG,1,2,0.241,0.325,1.0
2.5BG,1,4,0.163,0.327,0.84
2.5BG,1,6,0.078,0.323,0.72
2.5BG,2,0,0.31,0.316,3.12
2.5BG,2,2,0.262,0.325,2.74
2.5BG,2,4,0.205,0.332,2.37
2.5BG,2,6,0.144,0.335,2.07
2.5BG,2,8,0.083,0.335,1.84
2.5BG,2,10,0.03,0.334,1.67
2.5BG,3,0,0.31,0.316,6.55
2.5BG,3,2,0.273,0.325,5.91
2.5BG,3,4,0.234,0.332,5.24
2.5BG,3,6,0.181,0.338,4.71
2.5BG,3,8,0.137,0.341,4.29
2.5BG,3,10,0.093,0.344,3.93
2.5BG,3,12,0.051,0.345,3.64
2.5BG,4,0,0.31,0.316,12.0
2.5BG,4,2,0.281,0.324,11.0
2.5BG,4,4,0.245,0.331,10.0
2.5BG,4,6,0.206,0.338,9.1
2.5BG,4,8,0.169,0.343,8.4
2.5BG,4,10,0.132,0.347,7.8
2.5BG,4,12,0.095,0.351,7.2
2.5BG,4,14,0.059,0.354,6.8
2.5BG,4,16,0.019,0.355,6.4
2.5BG,5,0,0.31,0.316,19.7
2.5BG,5,2,0.285,0.325,18.3
2.5BG,5,4,0.256,0.332,16.9
2.5BG,5,6,0.224,0.339,15.7
2.5BG,5,8,0.192,0.344,14.7
2.5BG,5,10,0.164,0.348,13.6
2.5BG,5,12,0.134,0.353,12.8
2.5BG,5,14,0.104,0.356,12.1
2.5BG,5,16,0.075,0.359,11.5
2.5BG,6,0,0.31,0.316,30.0
2.5BG,6,2,0.289,0.324,28.1
2.5BG,6,4,0.265,0.332,26.4
2.5BG,6,6,0.238,0.34,24.6
2.5BG,6,8,0.213,0.346,23.1
2.5BG,6,10,0.188,0.351,21.9
2.5BG,6,12,0.163,0.356,20.7
2.5BG,6,14,0.137,0.361,19.7
2.5BG,6,16,0.111,0.364,18.7
2.5BG,6,18,0.087,0.369,17.8
2.5BG,7,0,0.31,0.316,43.0
2.5BG,7,2,0.291,0.324,40.6
2.5BG,7,4,0.271,0.331,38.5
2.5BG,7,6,0.247,0.339,36.2
2.5BG,7,8,0.226,0.346,34.2
2.5BG,7,10,0.204,0.353,32.4
2.5BG,7,12,0.184,0.358,31.0
2.5BG,7,14,0.161,0.364,29.5
2.5BG,7,16,0.141,0.369,28.3
2.5BG,8,0,0.31,0.316,59.1
2.5BG,8,2,0.294,0.324,56.3
2.5BG,8,4,0.276,0.332,53.2
2.5BG,8,6,0.255,0.339,50.5
2.5BG,8,8,0.235,0.346,48.0
2.5BG,8,10,0.218,0.352,45.8
2.5BG,8,12,0.199,0.359,43.8
2.5BG,8,14,0.18,0.365,41.9
2.5BG,8,16,0.161,0.372,40.2
2.5BG,9,0,0.31,0.316,78.6
2.5BG,9,2,0.296,0.324,75.7
2.5BG,9,4,0.279,0.332,71.5
2.5BG,9,6,0.261,0.339,68.4
2.5BG,9,8,0.242,0.347,64.5
2.5BG,9,10,0.225,0.353,61.9
5.0BG,1,2,0.24,0.307,0.99
5.0BG,1,4,0.17,0.291,0.85
5.0BG,1,6,0.105,0.271,0.74
5.0BG,1,8,0.05,0.25,0.66
5.0BG,2,2,0.259,0.313,2.72
5.0BG,2,4,0.204,0.306,2.35
5.0BG,2,6,0.15,0.296,2.1
5.0BG,2,8,0.097,0.284,1.89
5.0BG,2,10,0.049,0.272,1.73
5.0BG,3,2,0.27,0.315,5.85
5.0BG,3,4,0.226,0.312,5.24
5.0BG,3,6,0.181,0.307,4.71
5.0BG,3,8,0.139,0.301,4.31
5.0BG,3,10,0.098,0.293,3.97
5.0BG,3,12,0.057,0.284,3.68
5.0BG,4,2,0.278,0.316,10.9
5.0BG,4,4,0.242,0.315,9.9
5.0BG,4,6,0.204,0.312,9.1
5.0BG,4,8,0.167,0.308,8.4
5.0BG,4,10,0.131,0.304,7.7
5.0BG,4,12,0.097,0.3,7.3
5.0BG,4,14,0.062,0.295,6.8
5.0BG,5,2,0.282,0.318,18.3
5.0BG,5,4,0.252,0.318,16.7
5.0BG,5,6,0.221,0.317,15.6
5.0BG,5,8,0.188,0.315,14.4
5.0BG,5,10,0.159,0.313,13.5
5.0BG,5,12,0.13,0.311,12.8
5.0BG,5,14,0.1,0.308,12.1
5.0BG,5,16,0.072,0.306,11.5
5.0BG,6,2,0.287,0.318,28.1
5.0BG,6,4,0.261,0.319,26.1
5.0BG,6,6,0.233,0.32,24.4
5.0BG,6,8,0.207,0.322,22.9
5.0BG,6,10,0.182,0.322,21.8
5.0BG,6,12,0.156,0.321,20.4
5.0BG,6,14,0.13,0.32,19.4
5.0BG,6,16,0.105,0.319,18.5
5.0BG,7,2,0.289,0.319,40.3
5.0BG,7,4,0.267,0.321,38.1
5.0BG,7,6,0.242,0.323,35.9
5.0BG,7,8,0.218,0.325,33.6
5.0BG,7,10,0.195,0.326,31.9
5.0BG,7,12,0.175,0.327,30.5
5.0BG,7,14,0.152,0.328,29.1
5.0BG,7,16,0.129,0.328,27.8
5.0BG,8,2,0.292,0.319,55.7
5.0BG,8,4,0.272,0.322,52.8
5.0BG,8,6,0.25,0.325,50.1
5.0BG,8,8,0.228,0.328,47.6
5.0BG,8,10,0.209,0.33,45.1
5.0BG,8,12,0.189,0.331,43.1
5.0BG,8,14,0.169,0.333,41.6
5.0BG,9,2,0.293,0.32,74.9
5.0BG,9,4,0.275,0.324,71.5
5.0BG,9,6,0.266,0.327,67.8
5.0BG,9,8,0.235,0.33,64.5
5.0BG,9,10,0.217,0.332,63.4
7.5BG,1,2,0.24,0.296,0.99
7.5BG,1,4,0.18,0.269,0.85
7.5BG,1,6,0.129,0.242,0.76
7.5BG,1,8,0.088,0.218,0.7
7.5BG,2,2,0.258,0.304,2.69
7.5BG,2,4,0.208,0.287,2.37
7.5BG,2,6,0.163,0.267,2.13
7.5BG,2,8,0.122,0.249,1.95
7.5BG,2,10,0.087,0.231,1.82
7.5BG,2,12,0.059,0.217,1.73
7.5BG,3,2,0.27,0.307,5.8
7.5BG,3,4,0.228,0.296,5.2
7.5BG,3,6,0.188,0.282,4.75
7.5BG,3,8,0.151,0.267,4.34
7.5BG,3,10,0.118,0.254,4.07
7.5BG,3,12,0.086,0.239,3.81
7.5BG,3,14,0.059,0.277,3.64
7.5BG,4,2,0.277,0.309,10.9
7.5BG,4,4,0.242,0.301,9.8
7.5BG,4,6,0.207,0.291,9.1
7.5BG,4,8,0.174,0.28,8.4
7.5BG,4,10,0.143,0.269,7.8
7.5BG,4,12,0.113,0.257,7.4
7.5BG,4,14,0.084,0.246,7.0
7.5BG,4,16,0.058,0.235,6.6
7.5BG,5,2,0.281,0.312,18.1
7.5BG,5,4,0.251,0.306,16.7
7.5BG,5,6,0.222,0.298,15.4
7.5BG,5,8,0.192,0.29,14.4
7.5BG,5,10,0.164,0.28,13.5
7.5BG,5,12,0.137,0.271,12.8
7.5BG,5,14,0.112,0.263,12.1
7.5BG,5,16,0.087,0.253,11.7
7.5BG,6,2,0.286,0.314,27.8
7.5BG,6,4,0.259,0.309,25.9
7.5BG,6,6,0.232,0.305,24.2
7.5BG,6,8,0.206,0.298,22.8
7.5BG,6,10,0.181,0.291,21.6
7.5BG,6,12,0.157,0.284,20.4
7.5BG,6,14,0.134,0.277,19.4
7.5BG,6,16,0.111,0.27,18.5
7.5BG,7,2,0.288,0.314,40.3
7.5BG,7,4,0.265,0.312,38.1
7.5BG,7,6,0.241,0.308,35.6
7.5BG,7,8,0.217,0.305,33.6
7.5BG,7,10,0.193,0.3,31.6
7.5BG,7,12,0.172,0.297,30.3
7.5BG,7,14,0.152,0.292,29.1
7.5BG,7,16,0.129,0.287,27.6
7.5BG,8,2,0.291,0.316,55.7
7.5BG,8,4,0.27,0.314,52.8
7.5BG,8,6,0.248,0.313,50.1
7.5BG,8,8,0.225,0.31,46.9
7.5BG,8,10,0.205,0.308,44.8
7.5BG,8,12,0.185,0.305,42.8
7.5BG,8,14,0.165,0.302,41.0
7.5BG,9,2,0.292,0.317,74.9
7.5BG,9,4,0.273,0.317,70.9
7.5BG,9,6,0.253,0.315,67.3
7.5BG,9,8,0.232,0.314,64.0
10.0BG,1,2,0.244,0.286,0.99
10.0BG,1,4,0.191,0.254,0.86
10.0BG,1,6,0.148,0.224,0.77
10.0BG,1,8,0.115,0.2,0.72
10.0BG,1,10,0.086,0.178,0.67
10.0BG,2,2,0.26,0.295,2.67
10.0BG,2,4,0.216,0.272,2.37
10.0BG,2,6,0.177,0.248,2.16
10.0BG,2,8,0.144,0.227,1.99
10.0BG,2,10,0.115,0.208,1.87
10.0BG,2,12,0.091,0.191,1.78
10.0BG,2,14,0.072,0.177,1.69
10.0BG,3,2,0.27,0.301,5.8
10.0BG,3,4,0.233,0.283,5.2
10.0BG,3,6,0.198,0.264,4.79
10.0BG,3,8,0.167,0.246,4.43
10.0BG,3,10,0.141,0.229,4.15
10.0BG,3,12,0.115,0.212,3.93
10.0BG,3,14,0.092,0.196,3.74
10.0BG,3,16,0.068,0.178,3.56
10.0BG,4,2,0.277,0.305,10.8
10.0BG,4,4,0.245,0.29,9.8
10.0BG,4,6,0.215,0.275,9.1
10.0BG,4,8,0.186,0.26,8.4
10.0BG,4,10,0.166,0.246,8.0
10.0BG,4,12,0.136,0.23,7.5
10.0BG,4,14,0.112,0.214,7.2
10.0BG,4,16,0.087,0.198,6.8
10.0BG,5,2,0.282,0.308,18.1
10.0BG,5,4,0.252,0.297,16.6
10.0BG,5,6,0.225,0.285,15.4
10.0BG,5,8,0.2,0.272,14.5
10.0BG,5,10,0.176,0.259,13.7
10.0BG,5,12,0.153,0.245,13.0
10.0BG,5,14,0.132,0.232,12.4
10.0BG,5,16,0.11,0.218,11.8
10.0BG,5,18,0.09,0.205,11.4
10.0BG,6,2,0.286,0.31,27.8
10.0BG,6,4,0.26,0.302,25.9
10.0BG,6,6,0.234,0.292,24.2
10.0BG,6,8,0.209,0.283,22.8
10.0BG,6,10,0.186,0.271,21.5
10.0BG,6,12,0.166,0.261,20.4
10.0BG,6,14,0.145,0.249,19.5
10.0BG,6,16,0.127,0.237,18.8
10.0BG,7,2,0.288,0.311,40.3
10.0BG,7,4,0.265,0.305,37.8
10.0BG,7,6,0.242,0.297,35.3
10.0BG,7,8,0.219,0.29,33.4
10.0BG,7,10,0.196,0.282,31.6
10.0BG,7,12,0.177,0.274,30.3
10.0BG,7,14,0.158,0.266,29.1
10.0BG,7,16,0.136,0.257,27.6
10.0BG,8,2,0.29,0.312,55.7
10.0BG,8,4,0.269,0.307,52.3
10.0BG,8,6,0.248,0.302,49.6
10.0BG,8,8,0.227,0.296,46.9
10.0BG,8,10,0.206,0.289,44.8
10.0BG,8,12,0.187,0.283,42.5
10.0BG,8,14,0.165,0.276,40.8
10.0BG,9,2,0.291,0.313,74.2
10.0BG,9,4,0.272,0.31,70.2
10.0BG,9,6,0.252,0.305,66.6
10.0BG,9,8,0.232,0.3,63.4
2.5B,1,0,0.31,0.316,1.21
2.5B,1,2,0.247,0.281,0.99
2.5B,1,4,0.197,0.246,0.86
2.5B,1,6,0.161,0.214,0.78
2.5B,1,8,0.133,0.189,0.72
2.5B,1,10,0.111,0.167,0.68
2.5B,1,12,0.089,0.144,0.66
2.5B,2,0,0.31,0.316,3.12
2.5B,2,2,0.262,0.29,2.67
2.5B,2,4,0.221,0.264,2.37
2.5B,2,6,0.187,0.238,2.17
2.5B,2,8,0.159,0.215,2.0
2.5B,2,10,0.136,0.185,1.88
2.5B,2,12,0.114,0.176,1.79
2.5B,2,14,0.092,0.15,1.71
2.5B,3,0,0.31,0.316,6.55
2.5B,3,2,0.272,0.297,5.8
2.5B,3,4,0.237,0.276,5.2
2.5B,3,6,0.206,0.254,4.79
2.5B,3,8,0.179,0.234,4.46
2.5B,3,10,0.157,0.216,4.2
2.5B,3,12,0.136,0.198,3.97
2.5B,3,14,0.115,0.179,3.79
2.5B,3,16,0.095,0.16,3.6
2.5B,4,0,0.31,0.316,12.0
2.5B,4,2,0.278,0.3,10.8
2.5B,4,4,0.248,0.283,9.8
2.5B,4,6,0.221,0.265,9.1
2.5B,4,8,0.196,0.249,8.6
2.5B,4,10,0.175,0.232,8.1
2.5B,4,12,0.154,0.215,7.6
2.5B,4,14,0.132,0.197,7.2
2.5B,4,16,0.111,0.178,6.9
2.5B,4,18,0.091,0.161,6.6
2.5B,5,0,0.31,0.316,19.7
2.5B,5,2,0.282,0.304,18.1
2.5B,5,4,0.255,0.289,16.6
2.5B,5,6,0.231,0.275,15.4
2.5B,5,8,0.208,0.26,14.5
2.5B,5,10,0.188,0.245,13.8
2.5B,5,12,0.168,0.229,13.1
2.5B,5,14,0.15,0.215,12.5
2.5B,5,16,0.131,0.199,11.9
2.5B,5,18,0.112,0.183,11.4
2.5B,5,20,0.094,0.167,11.0
2.5B,6,0,0.31,0.316,30.0
2.5B,6,2,0.286,0.306,27.8
2.5B,6,4,0.262,0.295,25.7
2.5B,6,6,0.238,0.283,24.0
2.5B,6,8,0.217,0.269,22.8
2.5B,6,10,0.198,0.256,21.6
2.5B,6,12,0.18,0.243,20.6
2.5B,6,14,0.162,0.229,19.7
2.5B,6,16,0.145,0.216,18.9
2.5B,6,18,0.129,0.203,18.2
2.5B,7,0,0.31,0.316,43.0
2.5B,7,2,0.288,0.307,40.3
2.5B,7,4,0.267,0.298,37.8
2.5B,7,6,0.245,0.288,35.3
2.5B,7,8,0.225,0.277,33.4
2.5B,7,10,0.204,0.265,31.9
2.5B,7,12,0.187,0.255,30.3
2.5B,7,14,0.169,0.244,29.1
2.5B,7,16,0.149,0.231,27.8
2.5B,8,0,0.31,0.316,59.1
2.5B,8,2,0.29,0.309,55.3
2.5B,8,4,0.27,0.301,52.3
2.5B,8,6,0.25,0.293,49.2
2.5B,8,8,0.231,0.284,46.5
2.5B,8,10,0.212,0.274,44.8
2.5B,8,12,0.198,0.264,42.5
2.5B,9,0,0.31,0.316,78.6
2.5B,9,2,0.291,0.31,74.2
2.5B,9,4,0.272,0.303,70.2
2.5B,9,6,0.253,0.295,66.1
2.5B,10,0,0.31,0.316,102.5
2.5B,10,2,0.292,0.31,97.6
2.5B,10,4,0.275,0.304,92.4
2.5B,10,6,0.258,0.297,87.7
5.0B,1,2,0.251,0.276,0.99
5.0B,1,4,0.205,0.239,0.86
5.0B,1,6,0.172,0.208,0.79
5.0B,1,8,0.146,0.182,0.73
5.0B,1,10,0.126,0.161,0.69
5.0B,1,12,0.105,0.138,0.65
5.0B,1,14,0.088,0.118,0.63
5.0B,2,2,0.264,0.286,2.67
5.0B,2,4,0.227,0.257,2.37
5.0B,2,6,0.196,0.231,2.19
5.0B,2,8,0.171,0.207,2.02
5.0B,2,10,0.15,0.188,1.91
5.0B,2,12,0.13,0.168,1.81
5.0B,2,14,0.109,0.146,1.72
5.0B,2,16,0.091,0.127,1.64
5.0B,3,2,0.273,0.293,5.8
5.0B,3,4,0.241,0.269,5.2
5.0B,3,6,0.213,0.247,4.79
5.0B,3,8,0.19,0.226,4.46
5.0B,3,10,0.17,0.208,4.23
5.0B,3,12,0.15,0.189,4.02
5.0B,3,14,0.131,0.17,3.81
5.0B,3,16,0.112,0.151,3.64
5.0B,3,18,0.095,0.132,3.47
5.0B,4,2,0.279,0.297,10.7
5.0B,4,4,0.251,0.277,9.8
5.0B,4,6,0.227,0.258,9.1
5.0B,4,8,0.205,0.24,8.6
5.0B,4,10,0.186,0.223,8.1
5.0B,4,12,0.167,0.206,7.7
5.0B,4,14,0.147,0.187,7.3
5.0B,4,16,0.128,0.169,6.9
5.0B,4,18,0.11,0.151,6.7
5.0B,4,20,0.092,0.131,6.3
5.0B,5,2,0.284,0.301,18.0
5.0B,5,4,0.258,0.284,16.6
5.0B,5,6,0.236,0.267,15.4
5.0B,5,8,0.216,0.251,14.6
5.0B,5,10,0.198,0.236,13.9
5.0B,5,12,0.179,0.219,13.2
5.0B,5,14,0.163,0.203,12.5
5.0B,5,16,0.145,0.187,12.0
5.0B,5,18,0.128,0.171,11.5
5.0B,5,20,0.111,0.154,11.1
5.0B,6,2,0.287,0.303,27.8
5.0B,6,4,0.264,0.288,25.7
5.0B,6,6,0.243,0.275,24.0
5.0B,6,8,0.224,0.25,22.8
5.0B,6,10,0.208,0.247,21.8
5.0B,6,12,0.191,0.232,20.7
5.0B,6,14,0.175,0.217,19.8
5.0B,6,16,0.158,0.203,18.9
5.0B,6,18,0.133,0.189,18.2
5.0B,7,2,0.289,0.305,39.9
5.0B,7,4,0.269,0.293,37.5
5.0B,7,6,0.249,0.28,35.3
5.0B,7,8,0.231,0.267,33.4
5.0B,7,10,0.213,0.255,31.9
5.0B,7,12,0.198,0.243,30.5
5.0B,7,14,0.181,0.23,29.3
5.0B,7,16,0.164,0.216,27.9
5.0B,8,2,0.29,0.306,55.3
5.0B,8,4,0.271,0.296,52.3
5.0B,8,6,0.253,0.285,49.2
5.0B,8,8,0.236,0.274,46.5
5.0B,8,10,0.22,0.262,44.8
5.0B,9,2,0.292,0.308,73.5
5.0B,9,4,0.274,0.298,70.2
5.0B,9,6,0.256,0.289,66.1
5.0B,10,2,0.293,0.308,96.7
5.0B,10,4,0.277,0.3,92.4
7.5B,1,2,0.255,0.271,0.98
7.5B,1,4,0.213,0.233,0.86
7.5B,1,6,0.182,0.202,0.79
7.5B,1,8,0.158,0.176,0.73
7.5B,1,10,0.14,0.156,0.7
7.5B,1,12,0.121,0.133,0.66
7.5B,1,14,0.104,0.112,0.63
7.5B,2,2,0.267,0.282,2.67
7.5B,2,4,0.233,0.251,2.37
7.5B,2,6,0.205,0.224,2.19
7.5B,2,8,0.183,0.201,2.03
7.5B,2,10,0.163,0.171,1.92
7.5B,2,12,0.145,0.161,1.82
7.5B,2,14,0.126,0.139,1.74
7.5B,2,16,0.109,0.119,1.64
7.5B,3,2,0.276,0.289,5.75
7.5B,3,4,0.246,0.264,5.2
7.5B,3,6,0.221,0.241,4.79
7.5B,3,8,0.2,0.219,4.49
7.5B,3,10,0.182,0.201,4.29
7.5B,3,12,0.164,0.182,4.02
7.5B,3,14,0.147,0.162,3.83
7.5B,3,16,0.129,0.143,3.66
7.5B,3,18,0.112,0.124,3.49
7.5B,4,2,0.281,0.294,10.7
7.5B,4,4,0.256,0.273,9.8
7.5B,4,6,0.233,0.252,9.1
7.5B,4,8,0.214,0.234,8.6
7.5B,4,10,0.196,0.217,8.2
7.5B,4,12,0.18,0.199,7.4
7.5B,4,14,0.162,0.18,7.4
7.5B,4,16,0.145,0.161,7.0
7.5B,4,18,0.128,0.143,6.7
7.5B,4,20,0.111,0.123,6.4
7.5B,5,2,0.285,0.298,18.0
7.5B,5,4,0.262,0.279,16.6
7.5B,5,6,0.241,0.261,15.4
7.5B,5,8,0.223,0.244,14.6
7.5B,5,10,0.207,0.229,13.9
7.5B,5,12,0.19,0.211,13.3
7.5B,5,14,0.175,0.195,12.5
7.5B,5,16,0.159,0.178,12.0
7.5B,5,18,0.144,0.166,11.5
7.5B,5,20,0.128,0.144,11.1
7.5B,5,22,0.112,0.127,10.6
7.5B,6,2,0.288,0.301,27.8
7.5B,6,4,0.267,0.284,25.7
7.5B,6,6,0.248,0.269,24.0
7.5B,6,8,0.231,0.254,22.8
7.5B,6,10,0.216,0.239,21.8
7.5B,6,12,0.2,0.214,20.7
7.5B,6,14,0.185,0.209,19.9
7.5B,6,16,0.17,0.194,18.9
7.5B,6,18,0.156,0.179,18.2
7.5B,7,2,0.291,0.303,39.9
7.5B,7,4,0.271,0.288,37.5
7.5B,7,6,0.254,0.274,35.3
7.5B,7,8,0.236,0.26,33.4
7.5B,7,10,0.221,0.247,31.9
7.5B,7,12,0.208,0.235,30.5
7.5B,7,14,0.192,0.22,29.3
7.5B,7,16,0.177,0.206,27.9
7.5B,8,2,0.292,0.304,55.3
7.5B,8,4,0.274,0.291,52.3
7.5B,8,6,0.258,0.279,49.2
7.5B,8,8,0.242,0.266,46.5
7.5B,8,10,0.227,0.254,44.8
7.5B,9,2,0.293,0.305,73.5
7.5B,9,4,0.276,0.294,69.6
7.5B,9,6,0.26,0.283,66.1
7.5B,10,2,0.293,0.306,96.7
7.5B,10,4,0.278,0.296,92.4
10.0B,1,2,0.259,0.267,0.98
10.0B,1,4,0.223,0.227,0.86
10.0B,1,6,0.195,0.195,0.79
10.0B,1,8,0.175,0.17,0.74
10.0B,1,10,0.157,0.15,0.7
10.0B,1,12,0.139,0.128,0.67
10.0B,1,14,0.123,0.107,0.63
10.0B,1,16,0.106,0.087,0.61
10.0B,2,2,0.271,0.279,2.65
10.0B,2,4,0.239,0.246,2.37
10.0B,2,6,0.214,0.219,2.19
10.0B,2,8,0.193,0.195,2.04
10.0B,2,10,0.176,0.166,1.92
10.0B,2,12,0.159,0.156,1.83
10.0B,2,14,0.14,0.135,1.75
10.0B,2,16,0.123,0.115,1.66
10.0B,2,18,0.107,0.095,1.59
10.0B,3,2,0.278,0.287,5.75
10.0B,3,4,0.251,0.259,5.2
10.0B,3,6,0.228,0.236,4.79
10.0B,3,8,0.209,0.214,4.49
10.0B,3,10,0.192,0.196,4.29
10.0B,3,12,0.176,0.177,4.04
10.0B,3,14,0.159,0.158,3.85
10.0B,3,16,0.142,0.138,3.68
10.0B,3,18,0.125,0.119,3.51
10.0B,3,20,0.111,0.101,3.36
10.0B,4,2,0.284,0.291,10.7
10.0B,4,4,0.26,0.269,9.8
10.0B,4,6,0.239,0.247,9.1
10.0B,4,8,0.221,0.229,8.6
10.0B,4,10,0.205,0.211,8.2
10.0B,4,12,0.189,0.194,7.7
10.0B,4,14,0.172,0.176,7.4
10.0B,4,16,0.156,0.156,7.0
10.0B,4,18,0.141,0.139,6.7
10.0B,4,20,0.124,0.119,6.4
10.0B,4,22,0.109,0.1,6.2
10.0B,5,2,0.287,0.296,18.0
10.0B,5,4,0.266,0.276,16.6
10.0B,5,6,0.246,0.256,15.4
10.0B,5,8,0.23,0.239,14.6
10.0B,5,10,0.215,0.224,13.9
10.0B,5,12,0.199,0.206,13.3
10.0B,5,14,0.184,0.184,12.6
10.0B,5,16,0.168,0.173,12.0
10.0B,5,18,0.153,0.157,11.5
10.0B,5,20,0.138,0.139,11.1
10.0B,5,22,0.122,0.122,10.6
10.0B,6,2,0.29,0.299,27.6
10.0B,6,4,0.274,0.278,25.7
10.0B,6,6,0.253,0.264,24.0
10.0B,6,8,0.237,0.248,22.8
10.0B,6,10,0.223,0.234,21.8
10.0B,6,12,0.208,0.219,20.7
10.0B,6,14,0.194,0.204,19.9
10.0B,6,16,0.178,0.188,18.9
10.0B,6,18,0.165,0.174,18.2
10.0B,7,2,0.292,0.301,39.9
10.0B,7,4,0.274,0.284,37.1
10.0B,7,6,0.258,0.269,35.3
10.0B,7,8,0.242,0.255,33.4
10.0B,7,10,0.238,0.242,31.9
10.0B,7,12,0.215,0.229,30.5
10.0B,7,14,0.201,0.214,29.3
10.0B,8,2,0.293,0.302,55.3
10.0B,8,4,0.276,0.288,51.8
10.0B,8,6,0.261,0.275,48.8
10.0B,8,8,0.247,0.261,46.5
10.0B,9,2,0.294,0.304,73.5
10.0B,9,4,0.278,0.291,69.6
10.0B,10,2,0.294,0.305,96.7
10.0B,10,4,0.28,0.293,91.6
2.5PB,1,0,0.31,0.316,1.21
2.5PB,1,2,0.263,0.264,0.98
2.5PB,1,4,0.239,0.223,0.86
2.5PB,1,6,0.205,0.191,0.79
2.5PB,1,8,0.186,0.166,0.74
2.5PB,1,10,0.171,0.146,0.7
2.5PB,1,12,0.156,0.124,0.67
2.5PB,1,14,0.142,0.103,0.64
2.5PB,1,16,0.129,0.081,0.61
2.5PB,1,18,0.118,0.06,0.59
2.5PB,2,0,0.31,0.316,3.12
2.5PB,2,2,0.274,0.276,2.65
2.5PB,2,4,0.246,0.242,2.37
2.5PB,2,6,0.222,0.219,2.19
2.5PB,2,8,0.203,0.192,2.04
2.5PB,2,10,0.187,0.162,1.93
2.5PB,2,12,0.171,0.152,1.84
2.5PB,2,14,0.154,0.13,1.76
2.5PB,2,16,0.14,0.11,1.67
2.5PB,2,18,0.127,0.091,1.6
2.5PB,2,20,0.115,0.072,1.54
2.5PB,3,0,0.31,0.316,6.55
2.5PB,3,2,0.281,0.284,5.75
2.5PB,3,4,0.256,0.256,5.2
2.5PB,3,6,0.235,0.232,4.79
2.5PB,3,8,0.216,0.21,4.49
2.5PB,3,10,0.201,0.192,4.29
2.5PB,3,12,0.186,0.173,4.04
2.5PB,3,14,0.171,0.153,3.85
2.5PB,3,16,0.155,0.133,3.68
2.5PB,3,18,0.141,0.114,3.53
2.5PB,3,20,0.128,0.095,3.38
2.5PB,3,22,0.115,0.077,3.26
2.5PB,4,0,0.31,0.316,12.0
2.5PB,4,2,0.286,0.289,10.7
2.5PB,4,4,0.264,0.266,9.8
2.5PB,4,6,0.244,0.243,9.1
2.5PB,4,8,0.228,0.225,8.6
2.5PB,4,10,0.213,0.207,8.2
2.5PB,4,12,0.198,0.188,7.7
2.5PB,4,14,0.184,0.171,7.4
2.5PB,4,16,0.168,0.152,7.1
2.5PB,4,18,0.154,0.134,6.8
2.5PB,4,20,0.139,0.115,6.5
2.5PB,4,22,0.126,0.097,6.2
2.5PB,5,0,0.31,0.316,19.7
2.5PB,5,2,0.289,0.294,18.0
2.5PB,5,4,0.269,0.273,16.6
2.5PB,5,6,0.251,0.253,15.4
2.5PB,5,8,0.236,0.235,14.6
2.5PB,5,10,0.222,0.219,13.9
2.5PB,5,12,0.207,0.201,13.3
2.5PB,5,14,0.193,0.185,12.6
2.5PB,5,16,0.178,0.168,12.1
2.5PB,5,18,0.165,0.151,11.5
2.5PB,5,20,0.151,0.134,11.1
2.5PB,5,22,0.136,0.116,10.6
2.5PB,5,24,0.122,0.1,10.2
2.5PB,6,0,0.31,0.316,30.0
2.5PB,6,2,0.291,0.297,27.6
2.5PB,6,4,0.278,0.275,25.5
2.5PB,6,6,0.257,0.26,24.0
2.5PB,6,8,0.243,0.245,22.8
2.5PB,6,10,0.229,0.229,21.8
2.5PB,6,12,0.216,0.214,20.7
2.5PB,6,14,0.202,0.199,19.9
2.5PB,6,16,0.188,0.188,18.9
2.5PB,6,18,0.175,0.168,18.2
2.5PB,7,0,0.31,0.316,43.0
2.5PB,7,2,0.294,0.299,39.9
2.5PB,7,4,0.277,0.282,37.1
2.5PB,7,6,0.262,0.266,35.3
2.5PB,7,8,0.248,0.251,33.4
2.5PB,7,10,0.235,0.237,31.9
2.5PB,7,12,0.223,0.224,30.5
2.5PB,7,14,0.21,0.209,29.3
2.5PB,8,0,0.31,0.316,59.1
2.5PB,8,2,0.294,0.301,55.3
2.5PB,8,4,0.279,0.286,51.8
2.5PB,8,6,0.265,0.271,48.8
2.5PB,8,8,0.252,0.257,46.5
2.5PB,9,0,0.31,0.316,78.6
2.5PB,9,2,0.295,0.302,73.5
2.5PB,9,4,0.281,0.288,69.6
2.5PB,10,0,0.31,0.316,102.5
2.5PB,10,2,0.296,0.303,96.7
2.5PB,10,4,0.282,0.29,91.6
5.0PB,1,2,0.269,0.26,0.98
5.0PB,1,4,0.239,0.219,0.86
5.0PB,1,6,0.219,0.185,0.79
5.0PB,1,8,0.203,0.161,0.74
5.0PB,1,10,0.191,0.141,0.71
5.0PB,1,12,0.179,0.12,0.68
5.0PB,1,14,0.167,0.099,0.65
5.0PB,1,16,0.155,0.077,0.62
5.0PB,1,18,0.145,0.056,0.59
5.0PB,1,20,0.136,0.036,0.57
5.0PB,2,2,0.279,0.273,2.65
5.0PB,2,4,0.254,0.238,2.37
5.0PB,2,6,0.234,0.21,2.17
5.0PB,2,8,0.217,0.186,2.04
5.0PB,2,10,0.204,0.166,1.93
5.0PB,2,12,0.19,0.146,1.85
5.0PB,2,14,0.177,0.125,1.77
5.0PB,2,16,0.165,0.104,1.68
5.0PB,2,18,0.155,0.086,1.62
5.0PB,2,20,0.144,0.066,1.55
5.0PB,2,22,0.135,0.047,1.5
5.0PB,3,2,0.284,0.282,5.7
5.0PB,3,4,0.262,0.252,5.16
5.0PB,3,6,0.245,0.226,4.79
5.0PB,3,8,0.229,0.205,4.49
5.0PB,3,10,0.216,0.186,4.29
5.0PB,3,12,0.203,0.166,4.07
5.0PB,3,14,0.19,0.148,3.88
5.0PB,3,16,0.178,0.127,3.72
5.0PB,3,18,0.166,0.107,3.55
5.0PB,3,20,0.155,0.089,3.4
5.0PB,3,22,0.144,0.07,3.28
5.0PB,3,24,0.133,0.051,3.17
5.0PB,4,2,0.289,0.287,10.7
5.0PB,4,4,0.27,0.262,9.8
5.0PB,4,6,0.253,0.238,9.1
5.0PB,4,8,0.239,0.219,8.6
5.0PB,4,10,0.227,0.202,8.2
5.0PB,4,12,0.213,0.182,7.7
5.0PB,4,14,0.201,0.166,7.4
5.0PB,4,16,0.188,0.146,7.1
5.0PB,4,18,0.177,0.129,6.8
5.0PB,4,20,0.164,0.109,6.5
5.0PB,4,22,0.154,0.092,6.3
5.0PB,4,24,0.142,0.072,6.0
5.0PB,4,26,0.132,0.055,5.8
5.0PB,5,2,0.294,0.292,18.0
5.0PB,5,4,0.275,0.27,16.6
5.0PB,5,6,0.259,0.248,15.4
5.0PB,5,8,0.245,0.23,14.5
5.0PB,5,10,0.233,0.214,13.8
5.0PB,5,12,0.221,0.195,13.2
5.0PB,5,14,0.208,0.178,12.6
5.0PB,5,16,0.195,0.16,12.1
5.0PB,5,18,0.184,0.143,11.6
5.0PB,5,20,0.172,0.125,11.1
5.0PB,5,22,0.16,0.107,10.6
5.0PB,5,24,0.15,0.09,10.2
5.0PB,5,26,0.141,0.075,10.0
5.0PB,6,2,0.293,0.294,27.6
5.0PB,6,6,0.264,0.256,24.0
5.0PB,6,8,0.252,0.24,22.8
5.0PB,6,10,0.24,0.224,21.8
5.0PB,6,12,0.228,0.209,20.7
5.0PB,6,14,0.217,0.193,19.8
5.0PB,6,16,0.204,0.176,18.9
5.0PB,6,18,0.193,0.162,18.3
5.0PB,7,2,0.296,0.298,39.9
5.0PB,7,4,0.281,0.279,37.1
5.0PB,7,6,0.268,0.262,35.0
5.0PB,7,8,0.256,0.247,33.1
5.0PB,7,10,0.245,0.232,31.9
5.0PB,7,12,0.234,0.218,30.5
5.0PB,7,14,0.222,0.202,29.1
5.0PB,8,2,0.296,0.299,54.7
5.0PB,8,4,0.282,0.283,51.8
5.0PB,8,6,0.27,0.268,48.8
5.0PB,8,8,0.258,0.253,46.5
5.0PB,9,2,0.296,0.302,73.5
5.0PB,9,4,0.284,0.286,69.6
5.0PB,10,2,0.297,0.302,96.7
5.0PB,10,4,0.285,0.288,91.6
7.5PB,1,2,0.275,0.258,0.98
7.5PB,1,4,0.251,0.214,0.86
7.5PB,1,6,0.233,0.181,0.79
7.5PB,1,8,0.222,0.157,0.74
7.5PB,1,10,0.213,0.136,0.71
7.5PB,1,12,0.205,0.121,0.68
7.5PB,1,14,0.198,0.095,0.65
7.5PB,1,16,0.19,0.074,0.62
7.5PB,1,18,0.185,0.053,0.6
7.5PB,1,20,0.18,0.033,0.58
7.5PB,2,2,0.284,0.271,2.65
7.5PB,2,4,0.263,0.235,2.35
7.5PB,2,6,0.246,0.205,2.17
7.5PB,2,8,0.233,0.181,2.04
7.5PB,2,10,0.223,0.162,1.94
7.5PB,2,12,0.212,0.141,1.86
7.5PB,2,14,0.202,0.121,1.78
7.5PB,2,16,0.193,0.1,1.69
7.5PB,2,18,0.184,0.081,1.62
7.5PB,2,20,0.176,0.061,1.56
7.5PB,2,22,0.169,0.041,1.51
7.5PB,2,24,0.162,0.022,1.46
7.5PB,3,2,0.288,0.28,5.7
7.5PB,3,4,0.27,0.249,5.16
7.5PB,3,6,0.255,0.223,4.75
7.5PB,3,8,0.242,0.2,4.46
7.5PB,3,10,0.232,0.181,4.29
7.5PB,3,12,0.222,0.161,4.07
7.5PB,3,14,0.212,0.143,3.9
7.5PB,3,16,0.202,0.122,3.72
7.5PB,3,18,0.192,0.102,3.56
7.5PB,3,20,0.183,0.083,3.42
7.5PB,3,22,0.175,0.065,3.3
7.5PB,3,24,0.168,0.045,3.18
7.5PB,4,2,0.292,0.286,10.7
7.5PB,4,4,0.276,0.259,9.8
7.5PB,4,6,0.262,0.235,9.0
7.5PB,4,8,0.25,0.215,8.5
7.5PB,4,10,0.24,0.197,8.1
7.5PB,4,12,0.229,0.177,7.7
7.5PB,4,14,0.22,0.161,7.4
7.5PB,4,16,0.21,0.142,7.1
7.5PB,4,18,0.2,0.123,6.8
7.5PB,4,20,0.192,0.105,6.6
7.5PB,4,22,0.184,0.088,6.3
7.5PB,4,24,0.175,0.068,6.1
7.5PB,4,26,0.167,0.05,5.9
7.5PB,4,28,0.159,0.03,5.7
7.5PB,5,2,0.295,0.29,18.0
7.5PB,5,4,0.28,0.267,16.5
7.5PB,5,6,0.267,0.245,15.4
7.5PB,5,8,0.255,0.226,14.5
7.5PB,5,10,0.245,0.209,13.8
7.5PB,5,12,0.235,0.191,13.2
7.5PB,5,14,0.225,0.173,12.6
7.5PB,5,16,0.214,0.154,12.1
7.5PB,5,18,0.205,0.137,11.6
7.5PB,5,20,0.196,0.119,11.2
7.5PB,5,22,0.186,0.1,10.7
7.5PB,5,24,0.177,0.083,10.3
7.5PB,5,26,0.169,0.067,10.0
7.5PB,5,28,0.161,0.059,9.6
7.5PB,6,2,0.296,0.293,27.6
7.5PB,6,4,0.283,0.272,25.5
7.5PB,6,6,0.272,0.253,24.0
7.5PB,6,8,0.26,0.236,22.6
7.5PB,6,10,0.25,0.22,21.6
7.5PB,6,12,0.241,0.204,20.7
7.5PB,6,14,0.231,0.188,19.8
7.5PB,6,16,0.221,0.17,18.9
7.5PB,6,18,0.213,0.156,18.3
7.5PB,7,2,0.298,0.297,39.9
7.5PB,7,4,0.285,0.277,37.1
7.5PB,7,6,0.274,0.259,35.0
7.5PB,7,8,0.263,0.243,33.1
7.5PB,7,10,0.254,0.228,31.6
7.5PB,7,12,0.245,0.214,30.5
7.5PB,7,14,0.234,0.197,29.1
7.5PB,8,2,0.297,0.298,54.7
7.5PB,8,4,0.286,0.281,51.4
7.5PB,8,6,0.275,0.265,48.8
7.5PB,8,8,0.265,0.249,46.5
7.5PB,9,2,0.293,0.3,73.5
7.5PB,9,4,0.288,0.284,69.6
7.5PB,10,2,0.298,0.301,96.7
7.5PB,10,4,0.288,0.286,91.6
10.0PB,1,2,0.282,0.256,0.98
10.0PB,1,4,0.264,0.211,0.86
10.0PB,1,6,0.252,0.182,0.79
10.0PB,1,8,0.244,0.153,0.74
10.0PB,1,10,0.237,0.133,0.71
10.0PB,1,12,0.231,0.113,0.68
10.0PB,1,14,0.225,0.094,0.65
10.0PB,1,16,0.219,0.073,0.63
10.0PB,1,18,0.214,0.053,0.6
10.0PB,1,20,0.209,0.033,0.58
10.0PB,2,2,0.288,0.269,2.63
10.0PB,2,4,0.272,0.233,2.35
10.0PB,2,6,0.259,0.203,2.16
10.0PB,2,8,0.248,0.178,2.03
10.0PB,2,10,0.241,0.159,1.94
10.0PB,2,12,0.233,0.139,1.86
10.0PB,2,14,0.225,0.118,1.78
10.0PB,2,16,0.218,0.099,1.69
10.0PB,2,18,0.211,0.078,1.63
10.0PB,2,20,0.205,0.058,1.56
10.0PB,2,22,0.2,0.038,1.51
10.0PB,3,2,0.292,0.278,5.7
10.0PB,3,4,0.277,0.247,5.12
10.0PB,3,6,0.265,0.22,4.75
10.0PB,3,8,0.255,0.197,4.46
10.0PB,3,10,0.247,0.178,4.25
10.0PB,3,12,0.239,0.158,4.04
10.0PB,3,14,0.231,0.14,3.9
10.0PB,3,16,0.223,0.12,3.72
10.0PB,3,18,0.216,0.1,3.56
10.0PB,3,20,0.209,0.081,3.42
10.0PB,3,22,0.202,0.061,3.3
10.0PB,4,2,0.295,0.285,10.6
10.0PB,4,4,0.282,0.257,9.8
10.0PB,4,6,0.271,0.233,9.0
10.0PB,4,8,0.261,0.217,8.5
10.0PB,4,10,0.253,0.194,8.1
10.0PB,4,12,0.245,0.175,7.7
10.0PB,4,14,0.237,0.157,7.4
10.0PB,4,16,0.229,0.138,7.1
10.0PB,4,18,0.221,0.12,6.8
10.0PB,4,20,0.214,0.101,6.6
10.0PB,4,22,0.207,0.085,6.3
10.0PB,4,24,0.2,0.065,6.1
10.0PB,4,26,0.194,0.048,5.9
10.0PB,4,28,0.187,0.028,5.7
10.0PB,5,2,0.297,0.289,18.1
10.0PB,5,4,0.286,0.265,16.5
10.0PB,5,6,0.274,0.243,15.3
10.0PB,5,8,0.265,0.224,14.4
10.0PB,5,10,0.257,0.207,13.8
10.0PB,5,12,0.249,0.188,13.2
10.0PB,5,14,0.241,0.17,12.6
10.0PB,5,16,0.232,0.151,12.1
10.0PB,5,18,0.224,0.134,11.6
10.0PB,5,20,0.216,0.116,11.2
10.0PB,5,22,0.207,0.097,10.7
10.0PB,5,24,0.2,0.08,10.3
10.0PB,5,26,0.192,0.062,10.0
10.0PB,5,28,0.184,0.044,9.6
10.0PB,5,30,0.177,0.03,9.3
10.0PB,6,2,0.298,0.292,27.6
10.0PB,6,4,0.288,0.27,25.5
10.0PB,6,6,0.278,0.251,23.9
10.0PB,6,8,0.269,0.233,22.6
10.0PB,6,10,0.261,0.217,21.6
10.0PB,6,12,0.252,0.201,20.6
10.0PB,6,14,0.245,0.185,19.8
10.0PB,6,16,0.236,0.167,18.9
10.0PB,6,18,0.229,0.153,18.3
10.0PB,7,2,0.3,0.296,39.9
10.0PB,7,4,0.29,0.276,36.8
10.0PB,7,6,0.28,0.257,35.0
10.0PB,7,8,0.272,0.241,33.1
10.0PB,7,10,0.264,0.225,31.6
10.0PB,7,12,0.257,0.211,30.3
10.0PB,7,14,0.248,0.192,28.9
10.0PB,8,2,0.3,0.297,54.7
10.0PB,8,4,0.29,0.279,51.4
10.0PB,8,6,0.281,0.262,48.5
10.0PB,8,8,0.273,0.247,46.2
10.0PB,9,2,0.3,0.299,73.5
10.0PB,9,4,0.291,0.283,69.0
10.0PB,10,2,0.3,0.3,96.7
10.0PB,10,4,0.291,0.284,91.6
2.5P,1,0,0.31,0.316,1.21
2.5P,1,2,0.288,0.255,0.98
2.5P,1,4,0.275,0.21,0.85
2.5P,1,6,0.265,0.176,0.79
2.5P,1,8,0.259,0.152,0.74
2.5P,1,10,0.253,0.132,0.71
2.5P,1,12,0.249,0.112,0.68
2.5P,1,14,0.245,0.093,0.65
2.5P,1,16,0.241,0.072,0.62
2.5P,1,18,0.237,0.053,0.6
2.5P,1,20,0.234,0.034,0.58
2.5P,2,0,0.31,0.316,3.12
2.5P,2,2,0.293,0.269,2.63
2.5P,2,4,0.28,0.231,2.35
2.5P,2,6,0.27,0.201,2.16
2.5P,2,8,0.263,0.176,2.03
2.5P,2,10,0.257,0.157,1.93
2.5P,2,12,0.252,0.137,1.85
2.5P,2,14,0.247,0.116,1.77
2.5P,2,16,0.242,0.096,1.69
2.5P,2,18,0.237,0.076,1.62
2.5P,2,20,0.234,0.056,1.56
2.5P,3,0,0.31,0.316,6.55
2.5P,3,2,0.296,0.277,5.7
2.5P,3,4,0.285,0.246,5.12
2.5P,3,6,0.276,0.218,4.75
2.5P,3,8,0.268,0.195,4.43
2.5P,3,10,0.262,0.176,4.23
2.5P,3,12,0.256,0.156,4.04
2.5P,3,14,0.251,0.137,3.88
2.5P,3,16,0.246,0.117,3.7
2.5P,3,18,0.241,0.098,3.56
2.5P,3,20,0.237,0.079,3.42
2.5P,3,22,0.233,0.06,3.3
2.5P,4,0,0.31,0.316,12.0
2.5P,4,2,0.298,0.284,10.6
2.5P,4,4,0.288,0.26,9.8
2.5P,4,6,0.28,0.232,9.0
2.5P,4,8,0.273,0.211,8.4
2.5P,4,10,0.267,0.192,8.1
2.5P,4,12,0.261,0.172,7.7
2.5P,4,14,0.255,0.153,7.4
2.5P,4,16,0.25,0.135,7.1
2.5P,4,18,0.245,0.116,6.8
2.5P,4,20,0.24,0.097,6.5
2.5P,4,22,0.236,0.082,6.3
2.5P,4,24,0.232,0.063,5.9
2.5P,4,26,0.228,0.046,5.6
2.5P,5,0,0.31,0.316,19.7
2.5P,5,2,0.3,0.289,18.1
2.5P,5,4,0.291,0.264,16.5
2.5P,5,6,0.283,0.242,15.3
2.5P,5,8,0.276,0.227,14.4
2.5P,5,10,0.27,0.205,13.7
2.5P,5,12,0.264,0.185,13.1
2.5P,5,14,0.258,0.168,12.6
2.5P,5,16,0.252,0.149,12.0
2.5P,5,18,0.247,0.132,11.6
2.5P,5,20,0.242,0.116,11.1
2.5P,5,22,0.237,0.096,10.7
2.5P,5,24,0.233,0.077,10.3
2.5P,5,26,0.228,0.058,9.9
2.5P,5,28,0.223,0.038,9.5
2.5P,6,0,0.31,0.316,30.0
2.5P,6,2,0.301,0.292,27.3
2.5P,6,4,0.292,0.269,25.2
2.5P,6,6,0.284,0.249,23.9
2.5P,6,8,0.277,0.231,22.6
2.5P,6,10,0.272,0.215,21.5
2.5P,6,12,0.266,0.199,20.6
2.5P,6,14,0.261,0.183,19.8
2.5P,6,16,0.255,0.165,18.9
2.5P,6,18,0.25,0.15,18.3
2.5P,7,0,0.31,0.316,43.0
2.5P,7,2,0.302,0.295,39.9
2.5P,7,4,0.294,0.275,36.8
2.5P,7,6,0.286,0.256,34.7
2.5P,7,8,0.279,0.239,32.9
2.5P,7,10,0.273,0.223,31.4
2.5P,7,12,0.268,0.209,30.3
2.5P,7,14,0.261,0.191,28.7
2.5P,8,0,0.31,0.316,59.1
2.5P,8,2,0.302,0.297,54.7
2.5P,8,4,0.293,0.278,51.4
2.5P,8,6,0.287,0.261,48.5
2.5P,8,8,0.28,0.245,46.2
2.5P,9,0,0.31,0.316,78.6
2.5P,9,2,0.302,0.299,73.5
2.5P,9,4,0.294,0.282,69.0
2.5P,10,0,0.31,0.316,102.5
2.5P,10,2,0.301,0.299,96.7
2.5P,10,4,0.295,0.283,90.8
5.0P,1,2,0.297,0.254,0.98
5.0P,1,4,0.288,0.209,0.85
5.0P,1,6,0.281,0.176,0.78
5.0P,1,8,0.277,0.152,0.74
5.0P,1,10,0.273,0.132,0.7
5.0P,1,12,0.269,0.112,0.67
5.0P,1,14,0.265,0.092,0.64
5.0P,1,16,0.262,0.071,0.62
5.0P,1,18,0.259,0.053,0.6
5.0P,2,2,0.299,0.269,2.63
5.0P,2,4,0.291,0.23,2.33
5.0P,2,6,0.284,0.2,2.14
5.0P,2,8,0.279,0.176,2.02
5.0P,2,10,0.275,0.156,1.92
5.0P,2,12,0.271,0.142,1.84
5.0P,2,14,0.267,0.117,1.76
5.0P,2,16,0.263,0.096,1.68
5.0P,2,18,0.26,0.075,1.6
5.0P,2,20,0.256,0.054,1.54
5.0P,3,2,0.3,0.277,5.7
5.0P,3,4,0.293,0.245,5.12
5.0P,3,6,0.287,0.218,4.71
5.0P,3,8,0.282,0.195,4.43
5.0P,3,10,0.278,0.176,4.23
5.0P,3,12,0.274,0.155,4.02
5.0P,3,14,0.27,0.136,3.85
5.0P,3,16,0.267,0.112,3.68
5.0P,3,18,0.263,0.098,3.55
5.0P,3,20,0.26,0.079,3.4
5.0P,3,22,0.256,0.06,3.26
5.0P,4,2,0.303,0.284,10.6
5.0P,4,4,0.296,0.254,9.7
5.0P,4,6,0.29,0.232,9.0
5.0P,4,8,0.285,0.21,8.4
5.0P,4,10,0.281,0.192,8.1
5.0P,4,12,0.277,0.177,7.7
5.0P,4,14,0.273,0.153,7.3
5.0P,4,16,0.269,0.134,7.0
5.0P,4,18,0.265,0.116,6.7
5.0P,4,20,0.262,0.096,6.5
5.0P,4,22,0.259,0.081,6.2
5.0P,4,24,0.256,0.062,5.9
5.0P,5,2,0.303,0.289,18.1
5.0P,5,4,0.297,0.264,16.5
5.0P,5,6,0.291,0.241,15.2
5.0P,5,8,0.286,0.222,14.4
5.0P,5,10,0.282,0.204,13.7
5.0P,5,12,0.278,0.184,13.1
5.0P,5,14,0.274,0.167,12.5
5.0P,5,16,0.269,0.148,12.0
5.0P,5,18,0.266,0.131,11.5
5.0P,5,20,0.263,0.114,11.1
5.0P,5,22,0.259,0.095,10.6
5.0P,5,24,0.256,0.077,10.2
5.0P,5,26,0.252,0.058,9.8
5.0P,6,2,0.303,0.292,27.3
5.0P,6,4,0.297,0.269,25.2
5.0P,6,6,0.292,0.248,23.9
5.0P,6,8,0.287,0.23,22.4
5.0P,6,10,0.283,0.215,21.5
5.0P,6,12,0.279,0.198,20.4
5.0P,6,14,0.275,0.182,19.7
5.0P,6,16,0.271,0.166,18.8
5.0P,7,2,0.304,0.295,39.9
5.0P,7,4,0.298,0.275,36.8
5.0P,7,6,0.292,0.255,34.7
5.0P,7,8,0.289,0.238,32.9
5.0P,7,10,0.283,0.222,31.4
5.0P,7,12,0.279,0.208,30.1
5.0P,7,14,0.274,0.189,28.7
5.0P,8,2,0.303,0.297,54.7
5.0P,8,4,0.298,0.278,51.4
5.0P,8,6,0.292,0.26,48.5
5.0P,8,8,0.288,0.244,46.2
5.0P,9,2,0.303,0.299,73.5
5.0P,9,4,0.297,0.281,69.0
5.0P,10,2,0.303,0.299,96.7
5.0P,10,4,0.297,0.283,90.8
7.5P,1,2,0.304,0.255,0.97
7.5P,1,4,0.299,0.209,0.85
7.5P,1,6,0.295,0.177,0.78
7.5P,1,8,0.292,0.152,0.73
7.5P,1,10,0.289,0.132,0.7
7.5P,1,12,0.287,0.112,0.66
7.5P,1,14,0.284,0.092,0.64
7.5P,1,16,0.281,0.071,0.61
7.5P,1,18,0.279,0.053,0.59
7.5P,2,2,0.306,0.269,2.63
7.5P,2,4,0.302,0.231,2.33
7.5P,2,6,0.299,0.201,2.14
7.5P,2,8,0.296,0.177,2.0
7.5P,2,10,0.293,0.157,1.91
7.5P,2,12,0.29,0.137,1.82
7.5P,2,14,0.288,0.116,1.74
7.5P,2,16,0.285,0.097,1.66
7.5P,2,18,0.282,0.076,1.59
7.5P,2,20,0.278,0.055,1.53
7.5P,3,2,0.307,0.277,5.7
7.5P,3,4,0.304,0.245,5.12
7.5P,3,6,0.301,0.219,4.71
7.5P,3,8,0.298,0.195,4.4
7.5P,3,10,0.296,0.176,4.2
7.5P,3,12,0.294,0.156,4.0
7.5P,3,14,0.291,0.136,3.81
7.5P,3,16,0.289,0.117,3.64
7.5P,3,18,0.286,0.1,3.51
7.5P,3,20,0.283,0.08,3.36
7.5P,3,22,0.28,0.06,3.23
7.5P,4,2,0.307,0.285,10.7
7.5P,4,4,0.305,0.255,9.6
7.5P,4,6,0.303,0.232,9.0
7.5P,4,8,0.301,0.211,8.4
7.5P,4,10,0.298,0.192,8.0
7.5P,4,12,0.297,0.178,7.6
7.5P,4,14,0.294,0.154,7.3
7.5P,4,16,0.292,0.135,6.9
7.5P,4,18,0.289,0.117,6.7
7.5P,4,20,0.286,0.096,6.4
7.5P,4,22,0.283,0.08,6.2
7.5P,5,2,0.308,0.289,18.1
7.5P,5,4,0.305,0.264,16.3
7.5P,5,6,0.303,0.241,15.2
7.5P,5,8,0.301,0.222,14.3
7.5P,5,10,0.299,0.204,13.6
7.5P,5,12,0.297,0.185,13.0
7.5P,5,14,0.295,0.168,12.4
7.5P,5,16,0.293,0.149,11.8
7.5P,5,18,0.29,0.132,11.4
7.5P,5,20,0.288,0.113,11.1
7.5P,5,22,0.285,0.095,10.5
7.5P,5,24,0.282,0.083,10.1
7.5P,6,2,0.307,0.292,27.3
7.5P,6,4,0.305,0.269,25.2
7.5P,6,6,0.302,0.249,23.6
7.5P,6,8,0.301,0.231,22.4
7.5P,6,10,0.299,0.216,21.3
7.5P,6,12,0.297,0.197,20.3
7.5P,6,14,0.295,0.183,19.7
7.5P,6,16,0.292,0.165,18.7
7.5P,6,18,0.29,0.149,18.0
7.5P,7,2,0.308,0.295,39.5
7.5P,7,4,0.306,0.275,36.8
7.5P,7,6,0.304,0.255,34.4
7.5P,7,8,0.302,0.238,32.6
7.5P,7,10,0.3,0.222,31.2
7.5P,7,12,0.299,0.208,29.9
7.5P,7,14,0.298,0.189,28.3
7.5P,8,2,0.308,0.297,54.7
7.5P,8,4,0.305,0.278,51.4
7.5P,8,6,0.303,0.26,48.5
7.5P,8,8,0.302,0.244,45.8
7.5P,8,10,0.3,0.229,43.8
7.5P,9,2,0.307,0.299,73.5
7.5P,9,4,0.304,0.281,69.0
7.5P,10,2,0.306,0.299,96.7
7.5P,10,4,0.304,0.282,90.8
10.0P,1,2,0.311,0.256,0.97
10.0P,1,4,0.311,0.211,0.85
10.0P,1,6,0.31,0.178,0.78
10.0P,1,8,0.309,0.153,0.72
10.0P,1,10,0.307,0.134,0.69
10.0P,1,12,0.306,0.113,0.66
10.0P,1,14,0.304,0.093,0.63
10.0P,1,16,0.303,0.073,0.6
10.0P,2,2,0.312,0.27,2.63
10.0P,2,4,0.312,0.232,2.32
10.0P,2,6,0.313,0.203,2.13
10.0P,2,8,0.313,0.179,1.99
10.0P,2,10,0.313,0.159,1.89
10.0P,2,12,0.312,0.138,1.8
10.0P,2,14,0.311,0.117,1.71
10.0P,2,16,0.31,0.098,1.64
10.0P,2,18,0.309,0.077,1.56
10.0P,3,2,0.312,0.278,5.7
10.0P,3,4,0.313,0.246,5.12
10.0P,3,6,0.314,0.22,4.68
10.0P,3,8,0.315,0.197,4.37
10.0P,3,10,0.315,0.178,4.18
10.0P,3,12,0.315,0.157,3.95
10.0P,3,14,0.315,0.139,3.77
10.0P,3,16,0.315,0.119,3.6
10.0P,3,18,0.315,0.102,3.45
10.0P,3,20,0.314,0.082,3.31
10.0P,4,2,0.312,0.286,10.7
10.0P,4,4,0.315,0.257,9.6
10.0P,4,6,0.315,0.234,9.0
10.0P,4,8,0.316,0.218,8.4
10.0P,4,10,0.317,0.194,8.0
10.0P,4,12,0.317,0.175,7.5
10.0P,4,14,0.318,0.157,7.2
10.0P,4,16,0.318,0.138,6.9
10.0P,4,18,0.318,0.12,6.6
10.0P,4,20,0.318,0.102,6.3
10.0P,4,22,0.318,0.082,6.0
10.0P,5,2,0.312,0.29,18.1
10.0P,5,4,0.314,0.266,16.3
10.0P,5,6,0.315,0.243,15.2
10.0P,5,8,0.316,0.224,14.3
10.0P,5,10,0.317,0.207,13.5
10.0P,5,12,0.318,0.188,12.9
10.0P,5,14,0.319,0.169,12.2
10.0P,5,16,0.319,0.152,11.7
10.0P,5,18,0.32,0.134,11.2
10.0P,5,20,0.32,0.116,10.7
10.0P,5,22,0.321,0.101,10.4
10.0P,6,2,0.313,0.293,27.3
10.0P,6,4,0.314,0.27,25.2
10.0P,6,6,0.317,0.251,23.6
10.0P,6,8,0.317,0.238,22.3
10.0P,6,10,0.318,0.217,21.3
10.0P,6,12,0.319,0.2,20.2
10.0P,6,14,0.32,0.185,19.4
10.0P,6,16,0.321,0.168,18.4
10.0P,6,18,0.322,0.15,17.7
10.0P,7,2,0.313,0.296,39.5
10.0P,7,4,0.315,0.276,36.8
10.0P,7,6,0.316,0.257,34.4
10.0P,7,8,0.318,0.24,32.6
10.0P,7,10,0.319,0.226,31.2
10.0P,7,12,0.321,0.211,29.7
10.0P,7,14,0.322,0.193,28.2
10.0P,7,16,0.323,0.18,27.3
10.0P,8,2,0.312,0.297,54.7
10.0P,8,4,0.315,0.279,51.4
10.0P,8,6,0.316,0.263,48.0
10.0P,8,8,0.318,0.247,45.8
10.0P,8,10,0.319,0.232,43.4
10.0P,8,12,0.321,0.218,41.9
10.0P,9,2,0.312,0.3,73.5
10.0P,9,4,0.314,0.283,69.0
10.0P,9,6,0.316,0.261,64.5
10.0P,10,2,0.311,0.3,96.7
10.0P,10,4,0.313,0.284,90.8
10.0P,10,6,0.314,0.27,86.2
2.5RP,1,0,0.31,0.316,1.21
2.5RP,1,2,0.322,0.259,0.97
2.5RP,1,4,0.328,0.214,0.84
2.5RP,1,6,0.332,0.182,0.77
2.5RP,1,8,0.334,0.156,0.72
2.5RP,1,10,0.335,0.137,0.68
2.5RP,1,12,0.336,0.117,0.65
2.5RP,1,14,0.377,0.096,0.62
2.5RP,2,0,0.31,0.316,3.12
2.5RP,2,2,0.32,0.272,2.63
2.5RP,2,4,0.327,0.236,2.31
2.5RP,2,6,0.332,0.207,2.11
2.5RP,2,8,0.336,0.183,1.98
2.5RP,2,10,0.338,0.163,1.87
2.5RP,2,12,0.341,0.142,1.77
2.5RP,2,14,0.343,0.12,1.67
2.5RP,2,16,0.345,0.102,1.6
2.5RP,2,18,0.346,0.082,1.53
2.5RP,3,0,0.31,0.316,6.55
2.5RP,3,2,0.318,0.28,5.7
2.5RP,3,4,0.326,0.25,5.08
2.5RP,3,6,0.331,0.225,4.68
2.5RP,3,8,0.336,0.202,4.37
2.5RP,3,10,0.339,0.188,4.12
2.5RP,3,12,0.343,0.162,3.9
2.5RP,3,14,0.346,0.144,3.7
2.5RP,3,16,0.35,0.124,3.53
2.5RP,3,18,0.352,0.107,3.4
2.5RP,3,20,0.355,0.088,3.23
2.5RP,4,0,0.31,0.316,12.0
2.5RP,4,2,0.317,0.288,10.7
2.5RP,4,4,0.324,0.261,9.6
2.5RP,4,6,0.33,0.237,8.9
2.5RP,4,8,0.334,0.217,8.4
2.5RP,4,10,0.338,0.199,7.9
2.5RP,4,12,0.343,0.18,7.5
2.5RP,4,14,0.346,0.163,7.1
2.5RP,4,16,0.35,0.144,6.8
2.5RP,4,18,0.353,0.127,6.5
2.5RP,4,20,0.356,0.11,6.2
2.5RP,5,0,0.31,0.316,19.7
2.5RP,5,2,0.317,0.292,18.1
2.5RP,5,4,0.323,0.269,16.3
2.5RP,5,6,0.329,0.247,15.2
2.5RP,5,8,0.333,0.228,14.2
2.5RP,5,10,0.338,0.213,13.5
2.5RP,5,12,0.342,0.194,12.8
2.5RP,5,14,0.347,0.174,12.1
2.5RP,5,16,0.35,0.159,11.6
2.5RP,5,18,0.354,0.142,11.1
2.5RP,5,20,0.358,0.126,10.6
2.5RP,6,0,0.31,0.316,30.0
2.5RP,6,2,0.317,0.294,27.3
2.5RP,6,4,0.324,0.274,25.2
2.5RP,6,6,0.329,0.255,23.6
2.5RP,6,8,0.334,0.238,22.3
2.5RP,6,10,0.338,0.222,21.2
2.5RP,6,12,0.342,0.206,20.0
2.5RP,6,14,0.347,0.189,19.0
2.5RP,6,16,0.35,0.174,18.3
2.5RP,6,18,0.354,0.157,17.5
2.5RP,7,0,0.31,0.316,43.0
2.5RP,7,2,0.317,0.298,39.5
2.5RP,7,4,0.324,0.279,36.8
2.5RP,7,6,0.33,0.262,34.4
2.5RP,7,8,0.335,0.246,32.6
2.5RP,7,10,0.34,0.231,31.0
2.5RP,7,12,0.344,0.216,29.5
2.5RP,7,14,0.349,0.201,28.2
2.5RP,7,16,0.353,0.187,26.9
2.5RP,8,0,0.31,0.316,59.1
2.5RP,8,2,0.317,0.299,54.7
2.5RP,8,4,0.323,0.283,51.4
2.5RP,8,6,0.329,0.267,48.0
2.5RP,8,8,0.335,0.252,45.8
2.5RP,8,10,0.339,0.239,43.4
2.5RP,8,12,0.344,0.226,41.6
2.5RP,9,0,0.31,0.316,78.6
2.5RP,9,2,0.316,0.302,73.5
2.5RP,9,4,0.322,0.286,69.0
2.5RP,9,6,0.328,0.271,64.5
2.5RP,10,0,0.31,0.316,102.5
2.5RP,10,2,0.315,0.302,96.7
2.5RP,10,4,0.32,0.287,90.8
2.5RP,10,6,0.326,0.274,86.2
5.0RP,1,2,0.335,0.263,0.97
5.0RP,1,4,0.352,0.223,0.84
5.0RP,1,6,0.364,0.19,0.76
5.0RP,1,8,0.373,0.166,0.71
5.0RP,1,10,0.379,0.145,0.67
5.0RP,1,12,0.386,0.126,0.63
5.0RP,1,14,0.392,0.103,0.6
5.0RP,2,2,0.331,0.277,2.63
5.0RP,2,4,0.347,0.243,2.31
5.0RP,2,6,0.359,0.215,2.11
5.0RP,2,8,0.369,0.191,1.95
5.0RP,2,10,0.376,0.172,1.84
5.0RP,2,12,0.384,0.151,1.74
5.0RP,2,14,0.392,0.129,1.64
5.0RP,2,16,0.397,0.112,1.57
5.0RP,3,2,0.327,0.284,5.7
5.0RP,3,4,0.342,0.256,5.08
5.0RP,3,6,0.354,0.233,4.68
5.0RP,3,8,0.364,0.211,4.34
5.0RP,3,10,0.372,0.192,4.1
5.0RP,3,12,0.381,0.171,3.85
5.0RP,3,14,0.388,0.155,3.66
5.0RP,3,16,0.396,0.134,3.45
5.0RP,3,18,0.403,0.117,3.28
5.0RP,4,2,0.325,0.291,10.7
5.0RP,4,4,0.338,0.267,9.6
5.0RP,4,6,0.35,0.245,8.9
5.0RP,4,8,0.359,0.226,8.3
5.0RP,4,10,0.367,0.208,7.8
5.0RP,4,12,0.377,0.189,7.4
5.0RP,4,14,0.384,0.172,7.1
5.0RP,4,16,0.392,0.155,6.7
5.0RP,4,18,0.4,0.138,6.4
5.0RP,5,2,0.323,0.295,18.0
5.0RP,5,4,0.336,0.274,16.5
5.0RP,5,6,0.346,0.255,15.2
5.0RP,5,8,0.356,0.237,14.2
5.0RP,5,10,0.363,0.221,13.4
5.0RP,5,12,0.371,0.205,12.8
5.0RP,5,14,0.38,0.186,12.1
5.0RP,5,16,0.386,0.173,11.6
5.0RP,5,18,0.393,0.157,11.1
5.0RP,5,20,0.401,0.142,10.6
5.0RP,6,2,0.322,0.297,27.6
5.0RP,6,4,0.334,0.279,25.2
5.0RP,6,6,0.344,0.262,23.6
5.0RP,6,8,0.353,0.245,22.3
5.0RP,6,10,0.361,0.231,21.2
5.0RP,6,12,0.37,0.217,20.0
5.0RP,6,14,0.379,0.199,18.9
5.0RP,6,16,0.385,0.187,18.2
5.0RP,6,18,0.393,0.172,17.4
5.0RP,7,2,0.321,0.3,39.9
5.0RP,7,4,0.333,0.283,36.8
5.0RP,7,6,0.342,0.268,34.4
5.0RP,7,8,0.352,0.253,32.6
5.0RP,7,10,0.361,0.24,31.0
5.0RP,7,12,0.37,0.225,29.3
5.0RP,7,14,0.379,0.212,27.9
5.0RP,8,2,0.321,0.302,55.3
5.0RP,8,4,0.331,0.287,51.4
5.0RP,8,6,0.34,0.273,48.5
5.0RP,8,8,0.35,0.259,45.8
5.0RP,8,10,0.358,0.247,43.4
5.0RP,8,12,0.366,0.235,41.6
5.0RP,9,2,0.319,0.304,73.5
5.0RP,9,4,0.329,0.29,69.0
5.0RP,9,6,0.339,0.276,65.0
5.0RP,10,2,0.318,0.304,96.7
5.0RP,10,4,0.326,0.291,90.8
5.0RP,10,6,0.336,0.279,86.2
7.5RP,1,2,0.351,0.272,0.97
7.5RP,1,4,0.382,0.235,0.83
7.5RP,1,6,0.405,0.205,0.75
7.5RP,1,8,0.423,0.18,0.69
7.5RP,1,10,0.437,0.16,0.65
7.5RP,1,12,0.45,0.142,0.62
7.5RP,2,2,0.343,0.284,2.65
7.5RP,2,4,0.37,0.254,2.31
7.5RP,2,6,0.392,0.229,2.1
7.5RP,2,8,0.413,0.207,1.94
7.5RP,2,10,0.426,0.187,1.82
7.5RP,2,12,0.441,0.168,1.71
7.5RP,2,14,0.455,0.149,1.62
7.5RP,3,2,0.336,0.29,5.7
7.5RP,3,4,0.36,0.266,5.08
7.5RP,3,6,0.381,0.245,4.65
7.5RP,3,8,0.399,0.226,4.31
7.5RP,3,10,0.415,0.208,4.04
7.5RP,3,12,0.432,0.19,3.81
7.5RP,3,14,0.446,0.174,3.6
7.5RP,3,16,0.463,0.153,3.4
7.5RP,4,2,0.332,0.295,10.7
7.5RP,4,4,0.352,0.276,9.7
7.5RP,4,6,0.372,0.257,8.9
7.5RP,4,8,0.388,0.24,8.3
7.5RP,4,10,0.404,0.223,7.8
7.5RP,4,12,0.421,0.207,7.4
7.5RP,4,14,0.436,0.191,6.9
7.5RP,4,16,0.452,0.174,6.6
7.5RP,5,2,0.33,0.299,18.0
7.5RP,5,4,0.348,0.282,16.5
7.5RP,5,6,0.365,0.265,15.2
7.5RP,5,8,0.382,0.25,14.2
7.5RP,5,10,0.396,0.236,13.4
7.5RP,5,12,0.409,0.223,12.8
7.5RP,5,14,0.424,0.208,12.1
7.5RP,5,16,0.436,0.197,11.6
7.5RP,5,18,0.448,0.184,11.1
7.5RP,6,2,0.328,0.301,27.6
7.5RP,6,4,0.345,0.286,25.5
7.5RP,6,6,0.362,0.272,23.6
7.5RP,6,8,0.377,0.258,22.3
7.5RP,6,10,0.39,0.246,21.0
7.5RP,6,12,0.404,0.233,20.0
7.5RP,6,14,0.418,0.22,19.0
7.5RP,6,16,0.43,0.208,18.2
7.5RP,6,18,0.442,0.196,17.4
7.5RP,7,2,0.326,0.304,39.9
7.5RP,7,4,0.342,0.29,36.8
7.5RP,7,6,0.357,0.277,34.4
7.5RP,7,8,0.373,0.265,32.6
7.5RP,7,10,0.386,0.254,31.0
7.5RP,7,12,0.401,0.241,29.3
7.5RP,7,14,0.415,0.229,27.9
7.5RP,8,2,0.324,0.305,55.3
7.5RP,8,4,0.34,0.293,51.4
7.5RP,8,6,0.354,0.282,48.5
7.5RP,8,8,0.368,0.271,45.8
7.5RP,8,10,0.382,0.26,43.4
7.5RP,9,2,0.323,0.306,73.5
7.5RP,9,4,0.337,0.296,69.6
7.5RP,9,6,0.351,0.282,65.5
7.5RP,10,2,0.321,0.306,96.7
7.5RP,10,4,0.334,0.297,91.6
7.5RP,10,6,0.347,0.283,86.9
10.0RP,1,2,0.364,0.282,0.98
10.0RP,1,4,0.409,0.251,0.83
10.0RP,1,6,0.448,0.223,0.74
10.0RP,1,8,0.479,0.201,0.68
10.0RP,1,10,0.505,0.181,0.64
10.0RP,2,2,0.352,0.291,2.65
10.0RP,2,4,0.39,0.268,2.31
10.0RP,2,6,0.424,0.247,2.1
10.0RP,2,8,0.455,0.228,1.92
10.0RP,2,10,0.482,0.21,1.78
10.0RP,2,12,0.505,0.195,1.68
10.0RP,2,14,0.527,0.179,1.6
10.0RP,3,2,0.344,0.297,5.75
10.0RP,3,4,0.377,0.279,5.12
10.0RP,3,6,0.408,0.262,4.68
10.0RP,3,8,0.435,0.245,4.31
10.0RP,3,10,0.461,0.231,4.02
10.0RP,3,12,0.488,0.214,3.74
10.0RP,3,14,0.513,0.2,3.55
10.0RP,3,16,0.542,0.182,3.33
10.0RP,4,2,0.339,0.302,10.7
10.0RP,4,4,0.367,0.287,9.8
10.0RP,4,6,0.395,0.272,9.0
10.0RP,4,8,0.419,0.259,8.3
10.0RP,4,10,0.444,0.245,7.8
10.0RP,4,12,0.466,0.232,7.3
10.0RP,4,14,0.488,0.22,6.9
10.0RP,4,16,0.511,0.206,6.6
10.0RP,5,2,0.335,0.304,18.0
10.0RP,5,4,0.36,0.293,16.6
10.0RP,5,6,0.384,0.28,15.3
10.0RP,5,8,0.408,0.268,14.2
10.0RP,5,10,0.43,0.257,13.4
10.0RP,5,12,0.452,0.246,12.8
10.0RP,5,14,0.471,0.236,12.1
10.0RP,5,16,0.49,0.225,11.5
10.0RP,5,18,0.506,0.216,11.1
10.0RP,6,2,0.333,0.307,27.8
10.0RP,6,4,0.356,0.296,25.7
10.0RP,6,6,0.379,0.286,23.9
10.0RP,6,8,0.4,0.276,22.3
10.0RP,6,10,0.42,0.265,21.0
10.0RP,6,12,0.44,0.255,20.0
10.0RP,6,14,0.459,0.246,19.0
10.0RP,6,16,0.478,0.235,18.1
10.0RP,7,2,0.33,0.308,39.9
10.0RP,7,4,0.351,0.299,37.1
10.0RP,7,6,0.372,0.291,34.7
10.0RP,7,8,0.393,0.282,32.9
10.0RP,7,10,0.413,0.273,31.0
10.0RP,7,12,0.433,0.264,29.5
10.0RP,7,14,0.453,0.255,28.2
10.0RP,8,2,0.329,0.309,55.3
10.0RP,8,4,0.348,0.302,51.8
10.0RP,8,6,0.368,0.294,48.8
10.0RP,8,8,0.386,0.287,46.2
10.0RP,8,10,0.406,0.279,43.8
10.0RP,9,2,0.326,0.311,74.2
10.0RP,9,4,0.345,0.304,69.6
10.0RP,9,6,0.363,0.293,66.1
10.0RP,10,2,0.325,0.311,97.6
10.0RP,10,4,0.341,0.305,92.4
10.0RP,10,6,0.358,0.299,87.7
